Company,Role,Location,Link,Date Posted,Application Deadline,Work Authorization/Sponsorship Notes,Eligibility,Source,Priority,Status,Notes,Date Applied,Interview Date,Offer Status,Follow-up Date
Google,STEP Intern,Multiple,https://buildyourfuture.withgoogle.com/internships/step-internship,,,1st/2nd year CPT-friendly paid,High priority,master_tracker,1,Not Applied,1st/2nd year CPT-friendly paid,,,,
Microsoft,Explore Intern,Multiple,https://careers.microsoft.com/students/us/en/explore-program,,,Underclassmen paid,High priority,master_tracker,1,Not Applied,Underclassmen paid,,,,
Meta,University SWE,Multiple,https://www.metacareers.com/careerprograms/university,,,Check eligibility,High priority,master_tracker,1,Not Applied,Check eligibility,,,,
Amazon,SDE Intern,Multiple,https://www.amazon.jobs/en/teams/university,,,High volume CPT-friendly,High priority,master_tracker,1,Not Applied,High volume CPT-friendly,,,,
Capital One,Technology Internship,Multiple,https://www.capitalonecareers.com/students-and-grads,,,Sophomore-friendly,High priority,master_tracker,1,Not Applied,Sophomore-friendly,,,,
Uber,University/STAR,Multiple,https://www.uber.com/careers/teams/university/,,,Paid underclassmen,High priority,master_tracker,1,Not Applied,Paid underclassmen,,,,
Pinterest,Engage/University,Multiple,https://www.pinterestcareers.com/students,,,Underclassman-friendly,High priority,master_tracker,1,Not Applied,Underclassman-friendly,,,,
Lyft,University,Multiple,https://www.lyft.com/careers/university,,,Underclassman-friendly,High priority,master_tracker,1,Not Applied,Underclassman-friendly,,,,
Capital One,Technology Internship,Multiple,https://www.capitalonecareers.com/students-and-grads,,,International-friendly,High volume,master_tracker,1,Not Applied,International-friendly,,,,
Microsoft,Product Manager Intern,Remote,https://apply.careers.microsoft.com/careers/job/1970393556953113,2026-09-06,,Likely sponsors CPT/OPT,Unknown,vansh_repo,1,Not Applied,,,,,
Google,Software Engineering Intern,"<details><summary>**30 locations**</summary>Mountain View, CA</br>Atlanta, GA</br>Austin, TX</br>Boulder, CO</br>Cambridge, MA</br>Bellevue, WA</br>Chicago, IL</br>Houston, TX</br>Irvine, CA</br>Kirkland, WA</br>Los Angeles, CA</br>Madison, WI</br>New York, NY</br>Palo Alto, CA</br>Portland, OR</br>Pittsburgh, PA</br>Raleigh, NC</br>Durham, NC</br>Reston, VA</br>Redmond, WA</br>Redwood City, CA</br>San Diego, CA</br>Goleta, CA</br>San Bruno, CA</br>Seattle, WA</br>San Francisco, CA</br>San Jose, CA</br>Santa Cruz, CA</br>South San Francisco, CA</br>Sunnyvale, CA</details>",https://www.google.com/about/careers/applications/jobs/results/85564713261245126-software-engineering-intern-bs-summer-2027,2026-09-06,,Likely sponsors CPT/OPT,Unknown,vansh_repo,1,Not Applied,,,,,
Capital One,Data Analyst Intern,"Mclean, VA",https://www.capitalonecareers.com/job/mclean/data-analyst-intern-summer-2027/31238/97421687472,2026-09-06,,Unknown - check listing,Unknown,vansh_repo,1,Not Applied,,,,,
Amazon,Robotics - Software Development Engineer Intern/Co-op,"<details><summary>**8 locations**</summary>Sunnyvale, CA</br>North Reading, MA</br>Westboro, MA</br>Nashville, TN</br>Austin, TX</br>Arlington, VA</br>Bellevue, WA</br>Seattle, WA</details>",https://www.amazon.jobs/en/jobs/3136266/robotics-software-development-engineer-intern-co-op-2026,2026-09-06,,Likely sponsors CPT/OPT,Unknown,vansh_repo,1,Not Applied,,,,,
Amazon,"Software Development Engineer Intern, ROBOTICS - 2027","US, MA, North Reading",https://www.amazon.jobs/en/jobs/10529525/software-development-engineer-intern-robotics-2027,2026-09-06,,Likely sponsors CPT/OPT,Unknown,applyguy_repo,1,Not Applied,,,,,
Bah,"University - 2027 Summer Games Software Developer Intern - Honolulu, HI","Honolulu, HI",https://bah.wd1.myworkdayjobs.com/bah_jobs/job/Honolulu-HI/University---2027-Summer-Games-Software-Developer-Intern---Honolulu--HI_R0248393,2026-09-06,,Unknown - check listing,Unknown,applyguy_repo,1,Not Applied,,,,,
Bah,"University - 2027 Summer Games Software Developer Intern - Huntsville, AL","Huntsville, AL",https://bah.wd1.myworkdayjobs.com/bah_jobs/job/Huntsville-AL/University---2027-Summer-Games-Software-Developer-Intern---Huntsville--AL_R0248394,2026-09-06,,Unknown - check listing,Unknown,applyguy_repo,1,Not Applied,,,,,
Bah,"University - 2027 Summer Games Software Developer Intern - Ft. Walton Beach, FL","Fort Walton Beach, FL",https://bah.wd1.myworkdayjobs.com/bah_jobs/job/Fort-Walton-Beach-FL/University---2027-Summer-Games-Software-Developer-Intern---Ft-Walton-Beach--FL_R0248404,2026-09-06,,Unknown - check listing,Unknown,applyguy_repo,1,Not Applied,,,,,
Bah,"University - 2027 Summer Games Software Developer Intern - Annapolis Junction, MD","Annapolis Junction, MD",https://bah.wd1.myworkdayjobs.com/bah_jobs/job/Annapolis-Junction-MD/University---2027-Summer-Games-Software-Developer-Intern---Annapolis-Junction--MD_R0248403,2026-09-06,,Unknown - check listing,Unknown,applyguy_repo,1,Not Applied,,,,,
CIBC,2027 Spring Term Software Engineer Co-op - Chicago (Northeastern University),"Chicago, IL",https://cibc.wd3.myworkdayjobs.com/search/job/Chicago-IL/XMLNAME-2027-Spring-Term-Software-Engineer-Co-op---Chicago--Northeastern-University-_2617782-1,2026-09-06,,Unknown - check listing,Unknown,applyguy_repo,1,Not Applied,,,,,
Google,"Software Engineering Intern, BS, Summer 2027",Multiple U.S. locations,https://www.google.com/about/careers/applications/jobs/results/100648618540573382-software-engineering-intern-bs-summer-2027,2026-09-06,,Likely sponsors CPT/OPT,Unknown,applyguy_repo,1,Not Applied,,,,,
Google,"Software Engineering Intern, MS, Summer 2027",Multiple U.S. locations,https://www.google.com/about/careers/applications/jobs/results/94172495052972742-software-engineering-intern-ms-summer-2027,2026-09-06,,Likely sponsors CPT/OPT,Unknown,applyguy_repo,1,Not Applied,,,,,
Bah,"University - 2027 Summer Games Software Developer Intern - Atlanta, GA","Atlanta, GA",https://bah.wd1.myworkdayjobs.com/bah_jobs/job/Atlanta-GA/University---2027-Summer-Games-Software-Developer-Intern---Atlanta--GA_R0248138,2026-09-06,,Unknown - check listing,Unknown,applyguy_repo,1,Not Applied,,,,,
Bah,"University, 2027 Summer Games Software Developer Intern - Rome, NY","Rome, NY",https://bah.wd1.myworkdayjobs.com/bah_jobs/job/Rome-NY/University--2027-Summer-Games-Software-Developer-Intern_R0248141,2026-09-06,,Unknown - check listing,Unknown,applyguy_repo,1,Not Applied,,,,,
Bah,"University - 2027 Summer Games Software Developer Intern - Charleston, SC","Charleston, SC",https://bah.wd1.myworkdayjobs.com/bah_jobs/job/Charleston-SC/University---2027-Summer-Games-Software-Developer-Intern_R0248134,2026-09-06,,Unknown - check listing,Unknown,applyguy_repo,1,Not Applied,,,,,
Bah,"University, 2027 Summer Games Software Developer Intern - Colorado Springs, CO","Colorado Springs, CO",https://bah.wd1.myworkdayjobs.com/bah_jobs/job/Colorado-Springs-CO/University--2027-Summer-Games-Software-Developer-Intern_R0248130,2026-09-06,,Unknown - check listing,Unknown,applyguy_repo,1,Not Applied,,,,,
Bah,"University, 2027 Summer Games Software Developer Intern - McLean, VA","McLean, VA",https://bah.wd1.myworkdayjobs.com/bah_jobs/job/McLean-VA/University--2027-Summer-Games-Software-Developer-Intern_R0248029,2026-09-06,,Unknown - check listing,Unknown,applyguy_repo,1,Not Applied,,,,,
Bah,"University - 2027 Summer Games Software Developer Intern - San Diego, CA","San Diego, CA",https://bah.wd1.myworkdayjobs.com/bah_jobs/job/San-Diego-CA/University---2027-Summer-Games-Software-Developer-Intern---San-Diego--CA_R0248038,2026-09-06,,Unknown - check listing,Unknown,applyguy_repo,1,Not Applied,,,,,
Bah,"University - 2027 Summer Games Software Developer Intern - El Segundo, CA","El Segundo, CA",https://bah.wd1.myworkdayjobs.com/bah_jobs/job/El-Segundo-CA/University---2027-Summer-Games-Software-Developer-Intern---El-Segundo--CA_R0248046,2026-09-06,,Unknown - check listing,Unknown,applyguy_repo,1,Not Applied,,,,,
Amazon,"Software Development Engineer Intern, Annapurna Labs - 2027","US, CA, Cupertino",https://www.amazon.jobs/en/jobs/10517567/software-development-engineer-intern-annapurna-labs-2027,2026-09-06,,Likely sponsors CPT/OPT,Unknown,applyguy_repo,1,Not Applied,,,,,
Google,"Software Engineering Intern, PhD, Summer 2027",Multiple U.S. locations,https://www.google.com/about/careers/applications/jobs/results/91436104816698054-software-engineering-intern-phd-summer-2027,2026-09-06,,Likely sponsors CPT/OPT,Unknown,applyguy_repo,1,Not Applied,,,,,
JPMorgan Chase,Software Engineer Summer Analyst,Multiple,https://careers.jpmorgan.com/us/en/students/programs,,,International-friendly,High volume,master_tracker,2,Not Applied,International-friendly,,,,
Goldman Sachs,Engineering Summer Analyst,Multiple,https://www.goldmansachs.com/careers/students/programs/,,,International-friendly,High volume,master_tracker,2,Not Applied,International-friendly,,,,
Morgan Stanley,Technology Summer Analyst,Multiple,https://www.morganstanley.com/careers/career-opportunities-search?search=intern,,,International-friendly,High volume,master_tracker,2,Not Applied,International-friendly,,,,
Bank of America,Technology Summer Analyst,Multiple,https://campus.bankofamerica.com/,,,International-friendly,High volume,master_tracker,2,Not Applied,International-friendly,,,,
Citi,Technology Summer Analyst,Multiple,https://jobs.citi.com/students,,,International-friendly,High volume,master_tracker,2,Not Applied,International-friendly,,,,
Wells Fargo,Technology Intern,Multiple,https://www.wellsfargojobs.com/en/students/,,,International-friendly,High volume,master_tracker,2,Not Applied,International-friendly,,,,
BlackRock,Software Engineering Intern,Multiple,https://careers.blackrock.com/students,,,International-friendly,High volume,master_tracker,2,Not Applied,International-friendly,,,,
Fidelity,Software Engineering Intern,Multiple,https://jobs.fidelity.com/students/,,,International-friendly,High volume,master_tracker,2,Not Applied,International-friendly,,,,
Visa,Software Engineer Intern,Multiple,https://corporate.visa.com/en/jobs/?search=intern,,,Sponsors CPT,High volume,master_tracker,2,Not Applied,Sponsors CPT,,,,
Mastercard,Software Engineer Intern,Multiple,https://careers.mastercard.com/us/en/search-results?keywords=intern,,,Sponsors CPT,High volume,master_tracker,2,Not Applied,Sponsors CPT,,,,
American Express,Software Engineer Intern,Multiple,https://careers.americanexpress.com/en-US/search-results?keywords=intern,,,Sponsors CPT,High volume,master_tracker,2,Not Applied,Sponsors CPT,,,,
PayPal,Software Engineer Intern,Multiple,https://careers.pypl.com/students/,,,International-friendly,High volume,master_tracker,2,Not Applied,International-friendly,,,,
Intuit,Software Engineer Intern,Multiple,https://www.intuit.com/careers/students/,,,International-friendly,High volume,master_tracker,2,Not Applied,International-friendly,,,,
Charles Schwab,Software Engineer Intern,Multiple,https://jobs.schwab.com/students,,,International-friendly,High volume,master_tracker,2,Not Applied,International-friendly,,,,
Bloomberg,Software Engineering Intern,Multiple,https://www.bloomberg.com/company/careers/students/,,,Competitive,High volume,master_tracker,2,Not Applied,Competitive,,,,
JPMorgan Chase,"Quantitative Research, Asset Management Summer Analyst 🛂","New York, NY",https://jpmc.fa.oraclecloud.com/hcmUI/CandidateExperience/en/sites/CX_1001/job/210774074,2026-09-06,,No sponsorship,Unknown,vansh_repo,2,Not Applied,,,,,
American Express,"Product Management Intern, Global Merchant & Network Services 🛂","Phoenix, AZ",https://egug.fa.us2.oraclecloud.com/hcmUI/CandidateExperience/en/sites/CX_1/job/26012148,2026-09-06,,No sponsorship,Unknown,vansh_repo,2,Not Applied,,,,,
American Express,Product Management Intern 🛂,"New York, NY",https://egug.fa.us2.oraclecloud.com/hcmUI/CandidateExperience/en/sites/CX_1/job/26011916,2026-09-06,,No sponsorship,Unknown,vansh_repo,2,Not Applied,,,,,
Barclays,2027 Technology Developer Summer Internship Program Wilmington,"Wilmington, 125 South West Street",https://barclays.wd3.myworkdayjobs.com/external_career_site_barclays/job/Wilmington-125-South-West-Street/XMLNAME-2027-Technology-Developer-Summer-Internship-Program-Wilmington_JR-0000123236,2026-09-06,,Unknown - check listing,Unknown,applyguy_repo,2,Not Applied,,,,,
Mastercard,"Site Reliability Engineering Intern, Summer 2027 – St. Louis, MO, US","O'Fallon, MO",https://mastercard.wd1.myworkdayjobs.com/campus/job/OFallon-Missouri/Site-Reliability-Engineering-Intern--Summer-2027---St-Louis--MO--US_R-287654,2026-09-06,,Likely sponsors CPT/OPT,Unknown,applyguy_repo,2,Not Applied,,,,,
Walmart Global Tech,Software Engineer Intern,Multiple,https://careers.walmart.com/technology/students,,,High volume paid,Less competitive,master_tracker,3,Not Applied,High volume paid,,,,
Target,Software Engineer Intern,Multiple,https://corporate.target.com/careers/internships,,,High volume paid,Less competitive,master_tracker,3,Not Applied,High volume paid,,,,
General Motors,Software Engineer Intern,Multiple,https://search-careers.gm.com/en/students/,,,Paid,Less competitive,master_tracker,3,Not Applied,Paid,,,,
Ford,Software Engineer Intern,Multiple,https://corporate.ford.com/careers/students.html,,,Paid,Less competitive,master_tracker,3,Not Applied,Paid,,,,
John Deere,Software Engineer Intern,Multiple,https://www.deere.com/en/careers/students/,,,Paid,Less competitive,master_tracker,3,Not Applied,Paid,,,,
Caterpillar,Software Engineer Intern,Multiple,https://www.caterpillar.com/en/careers/students-grads.html,,,Paid,Less competitive,master_tracker,3,Not Applied,Paid,,,,
State Farm,Software Engineer Intern,Multiple,https://jobs.statefarm.com/search-jobs?q=intern,,,Paid,Less competitive,master_tracker,3,Not Applied,Paid,,,,
UnitedHealth/Optum,Software Engineer Intern,Multiple,https://careers.unitedhealthgroup.com/students,,,Paid,Less competitive,master_tracker,3,Not Applied,Paid,,,,
CVS Health,Software Engineer Intern,Multiple,https://jobs.cvshealth.com/students/,,,Paid,Less competitive,master_tracker,3,Not Applied,Paid,,,,
Verizon,Software Engineer Intern,Multiple,https://www.verizon.com/about/careers/students,,,Paid,Less competitive,master_tracker,3,Not Applied,Paid,,,,
T-Mobile,Software Engineer Intern,Multiple,https://www.t-mobile.com/careers/students,,,Paid,Less competitive,master_tracker,3,Not Applied,Paid,,,,
Comcast,Software Engineer Intern,Multiple,https://jobs.comcast.com/students,,,Paid,Less competitive,master_tracker,3,Not Applied,Paid,,,,
Honeywell,Software Engineer Intern,Multiple,https://careers.honeywell.com/us/en/students,,,Paid,Less competitive,master_tracker,3,Not Applied,Paid,,,,
Siemens,Software Engineer Intern,Multiple,https://www.siemens.com/us/en/company/jobs.html,,,Paid,Less competitive,master_tracker,3,Not Applied,Paid,,,,
IBM,Software Engineer Intern,Multiple,https://www.ibm.com/careers/us-en/early-career/,,,Paid,Less competitive,master_tracker,3,Not Applied,Paid,,,,
Intel,Software Engineer Intern,Multiple,https://jobs.intel.com/en/students,,,Paid,Less competitive,master_tracker,3,Not Applied,Paid,,,,
Micron,Software Engineer Intern,Multiple,https://careers.micron.com/students,,,Paid,Less competitive,master_tracker,3,Not Applied,Paid,,,,
Dell,Software Engineer Intern,Multiple,https://jobs.dell.com/students,,,Paid,Less competitive,master_tracker,3,Not Applied,Paid,,,,
HP,Software Engineer Intern,Multiple,https://jobs.hp.com/students,,,Paid,Less competitive,master_tracker,3,Not Applied,Paid,,,,
Cisco,Software Engineer Intern,Multiple,https://jobs.cisco.com/students,,,Paid,Less competitive,master_tracker,3,Not Applied,Paid,,,,
HPR,FPGA Engineering Intern 🛂,"Needham, MA",https://job-boards.greenhouse.io/hyannisportresearch/jobs/7822801003,2026-09-06,,No sponsorship,Unknown,vansh_repo,3,Not Applied,,,,,
HPR,Software Engineering Intern 🛂,"Needham, MA",https://job-boards.greenhouse.io/hyannisportresearch/jobs/7822989003,2026-09-06,,No sponsorship,Unknown,vansh_repo,3,Not Applied,,,,,
Walmart,2026 Intern Conversion: 2027 FT Software Engineer II - Bellevue,(USA) BELLEVUE SKYLINE OFFICE WA BELLEVUE Home Office,https://walmart.wd504.myworkdayjobs.com/WalmartExternal/job/USA-BELLEVUE-SKYLINE-OFFICE-WA-BELLEVUE-Home-Office/XMLNAME-2026-Intern-Conversion--2027-FT-Software-Engineer-II---Bellevue_R-2630122,2026-09-06,,Unknown - check listing,Unknown,applyguy_repo,3,Not Applied,,,,,
Walmart,2026 Intern Conversion: 2027 FT Software Engineer II - Sunnyvale,(USA) Crossman Respect Building CA SUNNYVALE Home Office,https://walmart.wd504.myworkdayjobs.com/WalmartExternal/job/USA-Crossman-Respect-Building-CA-SUNNYVALE-Home-Office/XMLNAME-2026-Intern-Conversion--2027-FT-Software-Engineer-II---Sunnyvale_R-2630127,2026-09-06,,Unknown - check listing,Unknown,applyguy_repo,3,Not Applied,,,,,
Walmart,2026 Intern Conversion: 2027 FT Software Engineer II - Bentonville,(USA) ISD Office,https://walmart.wd504.myworkdayjobs.com/WalmartExternal/job/USA-ISD-Office---DGTC-AR-BENTONVILLE-Home-Office/XMLNAME-2026-Intern-Conversion--2027-FT-Software-Engineer-II---Bentonville_R-2630128,2026-09-06,,Unknown - check listing,Unknown,applyguy_repo,3,Not Applied,,,,,
Walmart,"2026 Intern Conversion: 2027 FT Software Engineer II, Information Security",(USA) Crossman Respect Building CA SUNNYVALE Home Office,https://walmart.wd504.myworkdayjobs.com/WalmartExternal/job/USA-Crossman-Respect-Building-CA-SUNNYVALE-Home-Office/XMLNAME-2026-Intern-Conversion--2027-FT-Software-Engineer-II--Information-Security_R-2630112,2026-09-06,,Unknown - check listing,Unknown,applyguy_repo,3,Not Applied,,,,,
Walmart,"2026 Intern Conversion: 2027 FT Systems and Infrastructure Engineer II, Information Security",(USA) ISD Office,https://walmart.wd504.myworkdayjobs.com/WalmartExternal/job/USA-ISD-Office---DGTC-AR-BENTONVILLE-Home-Office/XMLNAME-2026-Intern-Conversion--2027-FT-Systems-and-Infrastructure-Engineer-II--Information-Security_R-2630114,2026-09-06,,Unknown - check listing,Unknown,applyguy_repo,3,Not Applied,,,,,
Walmart,"2026 Intern Conversion: 2027 FT Software Engineer II, Information Security",(USA) ISD Office,https://walmart.wd504.myworkdayjobs.com/WalmartExternal/job/USA-ISD-Office---DGTC-AR-BENTONVILLE-Home-Office/XMLNAME-2026-Intern-Conversion--2027-FT-Software-Engineer-II--Information-Security_R-2630113,2026-09-06,,Unknown - check listing,Unknown,applyguy_repo,3,Not Applied,,,,,
HP IQ,"Software Engineering Intern, Connectivity (Summer 2027)","San Francisco, CA",https://job-boards.greenhouse.io/hpiq/jobs/6176783004,2026-09-06,,Unknown - check listing,Unknown,applyguy_repo,3,Not Applied,,,,,
HP IQ,"Software Engineer Intern, Cloud Services (Summer 2027)","San Francisco, CA",https://job-boards.greenhouse.io/hpiq/jobs/6111955004,2026-09-06,,Unknown - check listing,Unknown,applyguy_repo,3,Not Applied,,,,,
HP IQ,"Software Engineering Intern, Product & Developer Productivity  (Summer 2027)","San Francisco, CA",https://job-boards.greenhouse.io/hpiq/jobs/6114890004,2026-09-06,,Unknown - check listing,Unknown,applyguy_repo,3,Not Applied,,,,,
HP IQ,"Software Engineering Intern, Software Systems (Summer 2027)","San Francisco, CA",https://job-boards.greenhouse.io/hpiq/jobs/6140119004,2026-09-06,,Unknown - check listing,Unknown,applyguy_repo,3,Not Applied,,,,,
HP IQ,"Software Engineering Intern, Product Security (Summer 2027)","San Francisco, CA",https://job-boards.greenhouse.io/hpiq/jobs/6116398004,2026-09-06,,Unknown - check listing,Unknown,applyguy_repo,3,Not Applied,,,,,
HP IQ,"Software Engineering Intern, Device Experiences (Summer 2027)","San Francisco, CA",https://job-boards.greenhouse.io/hpiq/jobs/6114912004,2026-09-06,,Unknown - check listing,Unknown,applyguy_repo,3,Not Applied,,,,,
HP IQ,"Software Engineering Intern, AML Platform (Summer 2027)","San Francisco, CA",https://job-boards.greenhouse.io/hpiq/jobs/6114781004,2026-09-06,,Unknown - check listing,Unknown,applyguy_repo,3,Not Applied,,,,,
The Hartford,Tech & Data Program Summer 2027 - Data Engineer Intern (Chicago),"Chicago, IL",https://thehartford.wd5.myworkdayjobs.com/careers_external/job/Chicago-IL/Tech---Data-Program-Summer-2027---Data-Engineer-Intern--Chicago-_R2626650,2026-09-06,,Unknown - check listing,Unknown,applyguy_repo,3,Not Applied,,,,,
The Hartford,Tech & Data Program Summer 2027 – Data Engineer Intern (Charlotte),"Charlotte, NC",https://thehartford.wd5.myworkdayjobs.com/careers_external/job/Charlotte-NC/Tech---Data-Program-Summer-2027---Data-Engineer-Intern--Charlotte-_R2626648,2026-09-06,,Unknown - check listing,Unknown,applyguy_repo,3,Not Applied,,,,,
The Hartford,Tech & Data Program Summer 2027 - Software Engineer Intern (Charlotte),"Charlotte, NC",https://thehartford.wd5.myworkdayjobs.com/careers_external/job/Charlotte-NC/Tech---Data-Program-Summer-2027---Software-Engineer-Intern--Charlotte-_R2626649,2026-09-06,,Unknown - check listing,Unknown,applyguy_repo,3,Not Applied,,,,,
The Hartford,Tech & Data Program Summer 2027 - Software Engineer Intern (Columbus),"Columbus, OH",https://thehartford.wd5.myworkdayjobs.com/careers_external/job/Columbus-OH/Tech---Data-Summer-Program-2027---Software-Engineer-Intern--Columbus-_R2626609,2026-09-06,,Unknown - check listing,Unknown,applyguy_repo,3,Not Applied,,,,,
The Hartford,Tech & Data Program Summer 2027 - Software Engineer Intern (Hartford),"Hartford, CT",https://thehartford.wd5.myworkdayjobs.com/careers_external/job/Hartford-CT/Tech---Data-Program-Summer-2027---Software-Engineer-Intern--Hartford-_R2626105-1,2026-09-06,,Unknown - check listing,Unknown,applyguy_repo,3,Not Applied,,,,,
The Hartford,Tech & Data Program Summer 2027 – Data Engineer Intern (Hartford),"Hartford, CT",https://thehartford.wd5.myworkdayjobs.com/careers_external/job/Hartford-CT/Tech---Data-Program-Summer-2027---Data-Engineer-Intern--Hartford-_R2626103-1,2026-09-06,,Unknown - check listing,Unknown,applyguy_repo,3,Not Applied,,,,,
The Hartford,Tech & Data Program Summer 2027 - Data Engineer Intern (Columbus),"Columbus, OH",https://thehartford.wd5.myworkdayjobs.com/careers_external/job/Columbus-OH/Tech---Data-Program-Summer-2027---Data-Engineer-Intern--Columbus-_R2626610,2026-09-06,,Unknown - check listing,Unknown,applyguy_repo,3,Not Applied,,,,,
Apple,SWE Intern,Multiple,https://jobs.apple.com/en-us/search?team=internships,,,Apply early,Reach,master_tracker,4,Not Applied,Apply early,,,,
Netflix,SWE Intern,Multiple,https://jobs.netflix.com/search?q=intern,,,Very competitive,Reach,master_tracker,4,Not Applied,Very competitive,,,,
Airbnb,SWE Intern,Multiple,https://careers.airbnb.com/positions?search=intern&category=Engineering,,,Competitive,Reach,master_tracker,4,Not Applied,Competitive,,,,
Stripe,SWE Intern,Multiple,https://stripe.com/jobs/search?search=intern,,,Competitive,Reach,master_tracker,4,Not Applied,Competitive,,,,
LinkedIn,SWE Intern,Multiple,https://careers.linkedin.com/students,,,Competitive,Reach,master_tracker,4,Not Applied,Competitive,,,,
Salesforce,SWE Intern,Multiple,https://careers.salesforce.com/en/jobs/?search=intern,,,Good volume,Reach,master_tracker,4,Not Applied,Good volume,,,,
Adobe,SWE Intern,Multiple,https://careers.adobe.com/us/en/search-results?keywords=intern,,,Good volume,Reach,master_tracker,4,Not Applied,Good volume,,,,
Workday,SWE Intern,Multiple,https://workday.wd5.myworkdayjobs.com/Workday?q=intern,,,Good volume,Reach,master_tracker,4,Not Applied,Good volume,,,,
ServiceNow,SWE Intern,Multiple,https://careers.servicenow.com/careers?search=intern,,,Good volume,Reach,master_tracker,4,Not Applied,Good volume,,,,
SAP,SWE Intern,Multiple,https://jobs.sap.com/search/?q=intern,,,Enterprise,Reach,master_tracker,4,Not Applied,Enterprise,,,,
Roblox,SWE Intern,Multiple,https://careers.roblox.com/students,,,Competitive,Reach,master_tracker,4,Not Applied,Competitive,,,,
Snap,SWE Intern,Multiple,https://careers.snap.com/students,,,Competitive,Reach,master_tracker,4,Not Applied,Competitive,,,,
Datadog,SWE Intern,Multiple,https://careers.datadoghq.com/students/,,,Competitive,Reach,master_tracker,4,Not Applied,Competitive,,,,
Atlassian,SWE Intern,Multiple,https://www.atlassian.com/company/careers/students,,,Good volume,Reach,master_tracker,4,Not Applied,Good volume,,,,
Dropbox,SWE Intern,Multiple,https://jobs.dropbox.com/students,,,Competitive,Reach,master_tracker,4,Not Applied,Competitive,,,,
Reddit,SWE Intern,Multiple,https://www.redditinc.com/careers,,,Competitive,Reach,master_tracker,4,Not Applied,Competitive,,,,
Twitch,SWE Intern,Multiple,https://www.twitch.tv/jobs/en/,,,Competitive,Reach,master_tracker,4,Not Applied,Competitive,,,,
Block/Square,SWE Intern,Multiple,https://block.xyz/careers/students,,,Competitive,Reach,master_tracker,4,Not Applied,Competitive,,,,
Plaid,SWE Intern,Multiple,https://plaid.com/careers/students/,,,Competitive,Reach,master_tracker,4,Not Applied,Competitive,,,,
Chime,SWE Intern,Multiple,https://careers.chime.com/students,,,Fintech,Reach,master_tracker,4,Not Applied,Fintech,,,,
Brex,SWE Intern,Multiple,https://www.brex.com/careers/students,,,Fintech,Reach,master_tracker,4,Not Applied,Fintech,,,,
Duolingo,SWE Intern,Multiple,https://careers.duolingo.com/students,,,Competitive,Reach,master_tracker,4,Not Applied,Competitive,,,,
Figma,SWE Intern,Multiple,https://www.figma.com/careers/students/,,,Competitive,Reach,master_tracker,4,Not Applied,Competitive,,,,
Notion,SWE Intern,Multiple,https://www.notion.so/careers/students,,,Competitive,Reach,master_tracker,4,Not Applied,Competitive,,,,
Ramp,SWE Intern,Multiple,https://ramp.com/careers/students,,,Competitive,Reach,master_tracker,4,Not Applied,Competitive,,,,
Replit,Software Engineering Intern,"Foster City, CA",https://jobs.ashbyhq.com/replit/7e0dafe8-3eec-442e-aa76-a4d84d779fb1,2026-09-06,,Unknown - check listing,Unknown,vansh_repo,4,Not Applied,,,,,
Notion,Software Engineer Intern,"San Francisco, CA</br>New York, NY",https://jobs.ashbyhq.com/notion/3fba1c39-c5cb-47d7-9ad2-1cec4d7e9d0c,2026-09-06,,Unknown - check listing,Unknown,vansh_repo,4,Not Applied,,,,,
Apple,"Software Engineer Intern, Undergrad",United States,https://jobs.apple.com/en-us/details/200664785/software-undergrad-engineering-internships,2026-09-06,,Likely sponsors CPT/OPT,Unknown,vansh_repo,4,Not Applied,,,,,
Scale AI,Software Engineering Intern (Summer 2027) ,"San Francisco, CA",https://job-boards.greenhouse.io/scaleai/jobs/4730845005,2026-09-06,,Unknown - check listing,Unknown,applyguy_repo,4,Not Applied,,,,,
Adobe,2027 Intern - Software Engineer,"San Jose, CA",https://adobe.wd5.myworkdayjobs.com/external_experienced/job/San-Jose/XMLNAME-2027-Intern---Software-Engineer_R171666,2026-09-06,,Likely sponsors CPT/OPT,Unknown,applyguy_repo,4,Not Applied,,,,,
Adobe,2027 Intern - Machine Learning Engineer,"San Jose, CA",https://adobe.wd5.myworkdayjobs.com/external_experienced/job/San-Jose/XMLNAME-2027-Intern---Machine-Learning-Engineer_R171519,2026-09-06,,Likely sponsors CPT/OPT,Unknown,applyguy_repo,4,Not Applied,,,,,
Stripe,"Software Engineer, Intern (Summer or Winter)","San Francisco, CA",https://stripe.com/jobs/search?gh_jid=8128745,2026-09-06,,Likely sponsors CPT/OPT,Unknown,applyguy_repo,4,Not Applied,,,,,
Notion,Software Engineer Intern (Winter 2027),"San Francisco, CA",https://jobs.ashbyhq.com/notion/e66c6658-9e65-4c58-8db2-844628b6e8f8,2026-09-06,,Unknown - check listing,Unknown,applyguy_repo,4,Not Applied,,,,,
Figma,Software Engineer Intern (Winter 2027),"San Francisco, CA",https://boards.greenhouse.io/figma/jobs/6131089004?gh_jid=6131089004,2026-09-06,,Unknown - check listing,Unknown,applyguy_repo,4,Not Applied,,,,,
Vertiv,Product Management Intern 🛂,"Westerville, OH",https://egup.fa.us2.oraclecloud.com/hcmUI/CandidateExperience/en/sites/CX/job/20278933,2026-09-06,,No sponsorship,Unknown,vansh_repo,5,Not Applied,,,,,
↳,"Product Management Intern, MBA 🛂","Delaware, OH",https://egup.fa.us2.oraclecloud.com/hcmUI/CandidateExperience/en/sites/CX/job/20278958,2026-09-06,,No sponsorship,Unknown,vansh_repo,5,Not Applied,,,,,
The Nuclear Company,AI Applied Research Intern 🛂,"Washington, DC",https://job-boards.greenhouse.io/thenuclearcompany/jobs/5391923008,2026-09-06,,No sponsorship,Unknown,vansh_repo,5,Not Applied,,,,,
Millennium,Quantitative Developer Intern,"New York, NY",https://career.mlp.com/careers/job/755957819661,2026-09-06,,Unknown - check listing,Unknown,vansh_repo,5,Not Applied,,,,,
↳,Applied AI Engineer Intern,"Miami, FL",https://career.mlp.com/careers/job/755957778848,2026-09-06,,Unknown - check listing,Unknown,vansh_repo,5,Not Applied,,,,,
Kastle,Software Engineer Intern,"San Francisco, CA",https://jobs.ashbyhq.com/kastle/6f32db51-de45-472f-a9c8-d9419d3634ee,2026-09-06,,Unknown - check listing,Unknown,vansh_repo,5,Not Applied,,,,,
↳,"Quantitative Research, Markets, Summer Internship - Analyst","New York, NY",https://jpmc.fa.oraclecloud.com/hcmUI/CandidateExperience/en/sites/CX_1001/job/210774038,2026-09-06,,Unknown - check listing,Unknown,vansh_repo,5,Not Applied,,,,,
Hypercubic,Software Engineering Intern,"San Francisco, CA",https://jobs.ashbyhq.com/hypercubic/ab7a23f9-7280-4443-b442-2813dc39d490,2026-09-06,,Unknown - check listing,Unknown,vansh_repo,5,Not Applied,,,,,
Humana,"Software Engineer Intern, CenterWell and Humana Military 🛂","Louisville, KY",https://humana.wd5.myworkdayjobs.com/Humana_External_Career_Site/job/Louisville-KY/Humana-Technology-Internship---Summer-2027_R-424692-1,2026-09-06,,No sponsorship,Unknown,vansh_repo,5,Not Applied,,,,,
Freeform,Software Engineering Intern,"Los Angeles, CA",https://job-boards.greenhouse.io/freeformfuturecorp/jobs/7872198003,2026-09-06,,Unknown - check listing,Unknown,vansh_repo,5,Not Applied,,,,,
Exa,Software Engineer Intern,"San Francisco, CA",https://jobs.ashbyhq.com/exa/a9e01521-66f1-481b-89da-ec01d4620f16,2026-09-06,,Unknown - check listing,Unknown,vansh_repo,5,Not Applied,,,,,
Epic Games,Machine Learning Research Intern 🛂,"Montreal, Canada",https://www.epicgames.com/site/careers/jobs/6138140004,2026-09-06,,No sponsorship,Unknown,vansh_repo,5,Not Applied,,,,,
↳,Gameplay Programmer Intern,"Cary, United States",https://www.epicgames.com/site/careers/jobs/6141180004,2026-09-06,,Unknown - check listing,Unknown,vansh_repo,5,Not Applied,,,,,
DV Group,"Software Engineer Intern, Commodities","New York, NY",https://job-boards.greenhouse.io/dvtrading/jobs/4719119005,2026-09-06,,Unknown - check listing,Unknown,vansh_repo,5,Not Applied,,,,,
Copart,QA Engineering Intern,"Dallas, TX",https://copart.wd12.myworkdayjobs.com/en-US/copart/job/Dallas-TX---Headquarters/QA-Engineering-Intern_JR109671,2026-09-06,,Unknown - check listing,Unknown,vansh_repo,5,Not Applied,,,,,
Atoms,Software Engineer Intern,"<details><summary>**5 locations**</summary>New York, NY</br>Seattle, WA</br>Los Angeles, CA</br>Mountain View, CA</br>San Francisco, CA</details>",https://job-boards.greenhouse.io/cssmerge/jobs/8687896002,2026-09-06,,Unknown - check listing,Unknown,vansh_repo,5,Not Applied,,,,,
↳,"AI Engineer Intern, Enterprise Technology Services 🛂","New York, NY",https://egug.fa.us2.oraclecloud.com/hcmUI/CandidateExperience/en/sites/CX_1/job/26011698,2026-09-06,,No sponsorship,Unknown,vansh_repo,5,Not Applied,,,,,
↳,"AI Engineer Intern, Enterprise Technology Services","Sunrise, FL",https://egug.fa.us2.oraclecloud.com/hcmUI/CandidateExperience/en/sites/CX_1/job/26011745,2026-09-06,,Unknown - check listing,Unknown,vansh_repo,5,Not Applied,,,,,
↳,"AI Engineer Intern, Enterprise Technology Services 🛂","Atlanta, GA",https://egug.fa.us2.oraclecloud.com/hcmUI/CandidateExperience/en/sites/CX_1/job/26011796,2026-09-06,,No sponsorship,Unknown,vansh_repo,5,Not Applied,,,,,
↳,"AI Engineer Intern, Enterprise Technology Services 🛂","Phoenix, AZ",https://egug.fa.us2.oraclecloud.com/hcmUI/CandidateExperience/en/sites/CX_1/job/26012375,2026-09-06,,No sponsorship,Unknown,vansh_repo,5,Not Applied,,,,,
↳,"AI Engineer Intern, Enterprise Technology Services 🛂","New York, NY",https://egug.fa.us2.oraclecloud.com/hcmUI/CandidateExperience/en/sites/CX_1/job/26011991,2026-09-06,,No sponsorship,Unknown,vansh_repo,5,Not Applied,,,,,
↳,"AI Engineer Intern, Enterprise Technology Services 🛂","Sunrise, FL",https://egug.fa.us2.oraclecloud.com/hcmUI/CandidateExperience/en/sites/CX_1/job/26011999,2026-09-06,,No sponsorship,Unknown,vansh_repo,5,Not Applied,,,,,
↳,"AI Engineer Intern, Enterprise Technology Services 🛂","Atlanta, GA",https://egug.fa.us2.oraclecloud.com/hcmUI/CandidateExperience/en/sites/CX_1/job/26012000,2026-09-06,,No sponsorship,Unknown,vansh_repo,5,Not Applied,,,,,
↳,"AI Engineer Intern, Enterprise Technology Services 🛂","Phoenix, AZ",https://egug.fa.us2.oraclecloud.com/hcmUI/CandidateExperience/en/sites/CX_1/job/26012392,2026-09-06,,No sponsorship,Unknown,vansh_repo,5,Not Applied,,,,,
↳,"Software Engineer Intern, Enterprise Technology Services 🛂","Charlotte, NC",https://egug.fa.us2.oraclecloud.com/hcmUI/CandidateExperience/en/sites/CX_1/job/26011679,2026-09-06,,No sponsorship,Unknown,vansh_repo,5,Not Applied,,,,,
↳,"Software Engineer Intern, Enterprise Technology Services 🛂","Phoenix, AZ",https://egug.fa.us2.oraclecloud.com/hcmUI/CandidateExperience/en/sites/CX_1/job/26011781,2026-09-06,,No sponsorship,Unknown,vansh_repo,5,Not Applied,,,,,
↳,"Software Engineer Intern, Enterprise Technology Services 🛂","Sunrise, FL",https://egug.fa.us2.oraclecloud.com/hcmUI/CandidateExperience/en/sites/CX_1/job/26011084,2026-09-06,,No sponsorship,Unknown,vansh_repo,5,Not Applied,,,,,
↳,"Software Engineer Intern, Enterprise Technology Services 🛂","Phoenix, AZ",https://egug.fa.us2.oraclecloud.com/hcmUI/CandidateExperience/en/sites/CX_1/job/26011784,2026-09-06,,No sponsorship,Unknown,vansh_repo,5,Not Applied,,,,,
↳,Cybersecurity Intern 🛂,"Phoenix, AZ",https://egug.fa.us2.oraclecloud.com/hcmUI/CandidateExperience/en/sites/CX_1/job/26012460,2026-09-06,,No sponsorship,Unknown,vansh_repo,5,Not Applied,,,,,
↳,Cybersecurity Intern 🛂,"Phoenix, AZ",https://egug.fa.us2.oraclecloud.com/hcmUI/CandidateExperience/en/sites/CX_1/job/26012462,2026-09-06,,No sponsorship,Unknown,vansh_repo,5,Not Applied,,,,,
Belvedere Trading,Quantitative Trading Intern,"Chicago, IL",https://jobs.lever.co/belvederetrading/cbde47db-c60b-4339-a8f4-a8e4f30505ab,2026-09-06,,Unknown - check listing,Unknown,vansh_repo,5,Not Applied,,,,,
DV Group,Quantitative Risk Intern,"Chicago, IL",https://job-boards.greenhouse.io/dvtrading/jobs/4719118005,2026-09-06,,Unknown - check listing,Unknown,vansh_repo,5,Not Applied,,,,,
Chicago Trading Company,Quant Trading Intern,"Chicago, IL",https://job-boards.greenhouse.io/chicagotradingcampus/jobs/4716930005,2026-09-06,,Unknown - check listing,Unknown,vansh_repo,5,Not Applied,,,,,
ByteDance,Applied Machine Learning Production Engineer Intern,"San Jose, CA",https://joinbytedance.com/search/7670009669494704437,2026-09-06,,Unknown - check listing,Unknown,vansh_repo,5,Not Applied,,,,,
↳,GPU/AI Application System Software Engineer Intern,"San Jose, CA",https://joinbytedance.com/search/7668464504736876853,2026-09-06,,Unknown - check listing,Unknown,vansh_repo,5,Not Applied,,,,,
↳,"AI Network Automation Engineer Intern, Global Physical Network Infra","San Jose, CA",https://joinbytedance.com/search/7670690923748870405,2026-09-06,,Unknown - check listing,Unknown,vansh_repo,5,Not Applied,,,,,
Boeing,Data Analytics Intern 🛂,"<details><summary>**31 locations**</summary>Everett, WA</br>Saint Charles, MO</br>Huntsville, AL</br>Charleston, SC</br>Oklahoma City, OK</br>Berkeley, MO</br>Huntington Beach, CA</br>Hazelwood, MO</br>El Segundo, CA</br>Herndon, VA</br>Plano, TX</br>Arlington, VA</br>Ridley Park, PA</br>Tukwila, WA</br>North Charleston, SC</br>Fairfax, VA</br>Colorado Springs, CO</br>Chicago, IL</br>Seal Beach, CA</br>Mukilteo, WA</br>Long Beach, CA</br>Atlanta, GA</br>Renton, WA</br>Dallas, TX</br>Seattle, WA</br>Auburn, WA</br>Bellevue, WA</br>San Antonio, TX</br>Kent, WA</br>Mesa, AZ</br>Tukwila, WA</details>",https://boeing.wd1.myworkdayjobs.com/en-US/EXTERNAL_CAREERS/details/Boeing-Summer-2027-Internship-Program--Paid----Data-Analytics-Intern_JR2026520976-1,2026-09-06,,No sponsorship,Unknown,vansh_repo,5,Not Applied,,,,,
TikTok,"Software Engineer Intern, TikTok-Agentic Creation-AIGC","San Jose, CA",https://lifeattiktok.com/search/7668675500744837381,2026-09-06,,Unknown - check listing,Unknown,vansh_repo,5,Not Applied,,,,,
↳,"Frontend Software Engineer Intern, Ads Measurement Signal and Privacy","San Jose, CA",https://lifeattiktok.com/search/7668584161852229893,2026-09-06,,Unknown - check listing,Unknown,vansh_repo,5,Not Applied,,,,,
↳,"Software Engineer Intern, Data Arch - E-commerce","Seattle, WA",https://lifeattiktok.com/search/7668582086899763461,2026-09-06,,Unknown - check listing,Unknown,vansh_repo,5,Not Applied,,,,,
↳,"Software Engineer Intern, Ads Measurement Signal and Privacy","San Jose, CA",https://lifeattiktok.com/search/7668582031916435717,2026-09-06,,Unknown - check listing,Unknown,vansh_repo,5,Not Applied,,,,,
↳,"Software Engineer Intern, Creative Intelligence and Brand Innovation","San Jose, CA",https://lifeattiktok.com/search/7668642761473902901,2026-09-06,,Unknown - check listing,Unknown,vansh_repo,5,Not Applied,,,,,
↳,"Software Engineer Intern, Business Integrity","San Jose, CA",https://lifeattiktok.com/search/7668584916620527925,2026-09-06,,Unknown - check listing,Unknown,vansh_repo,5,Not Applied,,,,,
↳,"Software Engineer Intern, Agentic Creation-Effect Platform","San Jose, CA",https://lifeattiktok.com/search/7668445566565321013,2026-09-06,,Unknown - check listing,Unknown,vansh_repo,5,Not Applied,,,,,
↳,"Software Engineer Intern, Data Arch - E-commerce","Seattle, WA",https://lifeattiktok.com/search/7668582146236631349,2026-09-06,,Unknown - check listing,Unknown,vansh_repo,5,Not Applied,,,,,
↳,"Software Engineer Intern, Code Graph and Quality Validation 🛂","San Jose, CA",https://lifeattiktok.com/search/7667935738376227077,2026-09-06,,No sponsorship,Unknown,vansh_repo,5,Not Applied,,,,,
↳,"Software Engineer Intern, Privacy and Security","San Jose, CA",https://lifeattiktok.com/search/7667935739300317493,2026-09-06,,Unknown - check listing,Unknown,vansh_repo,5,Not Applied,,,,,
↳,"Frontend Engineer Intern, TikTok-Open Platform","San Jose, CA",https://lifeattiktok.com/search/7667935739300792629,2026-09-06,,Unknown - check listing,Unknown,vansh_repo,5,Not Applied,,,,,
↳,"Software Engineer Intern, PGC Creator Strategy 🛂",San Jose,https://lifeattiktok.com/search/7667933770819897605,2026-09-06,,No sponsorship,Unknown,vansh_repo,5,Not Applied,,,,,
↳,"Backend Software Engineer Intern, Social Friending","San Jose, CA",https://lifeattiktok.com/search/7667934635573692725,2026-09-06,,Unknown - check listing,Unknown,vansh_repo,5,Not Applied,,,,,
↳,"Backend Software Engineer Intern, Search 🛂","San Jose, CA",https://lifeattiktok.com/search/7667933335084124469,2026-09-06,,No sponsorship,Unknown,vansh_repo,5,Not Applied,,,,,
↳,"Software Engineer Intern, TikTok-Social-Friending","San Jose, CA",https://lifeattiktok.com/search/7667935399050692917,2026-09-06,,Unknown - check listing,Unknown,vansh_repo,5,Not Applied,,,,,
↳,"Backend Software Engineer Intern, PGC-Digital Content Center 🛂","San Jose, CA",https://lifeattiktok.com/search/7667934302872537397,2026-09-06,,No sponsorship,Unknown,vansh_repo,5,Not Applied,,,,,
↳,"Software Engineer Intern, Growth Innovation","San Jose, CA",https://lifeattiktok.com/search/7667934860750063925,2026-09-06,,Unknown - check listing,Unknown,vansh_repo,5,Not Applied,,,,,
↳,"Backend Software Engineer Intern, Social Foundation","San Jose, CA",https://lifeattiktok.com/search/7667935565120112949,2026-09-06,,Unknown - check listing,Unknown,vansh_repo,5,Not Applied,,,,,
↳,"Software Engineer Intern, Trust and Safety-Engineering 🛂","Seattle, WA",https://lifeattiktok.com/search/7662684280234232117,2026-09-06,,No sponsorship,Unknown,vansh_repo,5,Not Applied,,,,,
↳,"Software Engineer Intern, Trust and Safety-Engineering 🛂","San Jose, CA",https://lifeattiktok.com/search/7662700594251958581,2026-09-06,,No sponsorship,Unknown,vansh_repo,5,Not Applied,,,,,
↳,"Software Engineer Intern, Global CRM","San Jose, CA",https://lifeattiktok.com/search/7669711844487399685,2026-09-06,,Unknown - check listing,Unknown,vansh_repo,5,Not Applied,,,,,
↳,"Software Engineer Intern, Shoot Experience Optimization","San Jose, CA",https://lifeattiktok.com/search/7668921505254410549,2026-09-06,,Unknown - check listing,Unknown,vansh_repo,5,Not Applied,,,,,
↳,"Software Engineer Intern, Ads Interface","San Jose, CA",https://lifeattiktok.com/search/7669705785962727733,2026-09-06,,Unknown - check listing,Unknown,vansh_repo,5,Not Applied,,,,,
↳,"Backend Software Engineer Intern, Global E-Commerce","Seattle, WA",https://lifeattiktok.com/search/7668834837268416821,2026-09-06,,Unknown - check listing,Unknown,vansh_repo,5,Not Applied,,,,,
↳,"Backend Software Engineer Intern, Global E-Commerce","San Jose, CA",https://lifeattiktok.com/search/7668834837268138293,2026-09-06,,Unknown - check listing,Unknown,vansh_repo,5,Not Applied,,,,,
↳,Software Engineer Intern,"San Jose, CA",https://lifeattiktok.com/search/7668725183121000757,2026-09-06,,Unknown - check listing,Unknown,vansh_repo,5,Not Applied,,,,,
↳,"Backend Software Engineer Intern, Product Infrastructure","San Jose, CA",https://lifeattiktok.com/search/7667935633764370741,2026-09-06,,Unknown - check listing,Unknown,vansh_repo,5,Not Applied,,,,,
↳,"Software Engineer Intern, Transaction Platform","San Jose, CA",https://lifeattiktok.com/search/7669943120351906053,2026-09-06,,Unknown - check listing,Unknown,vansh_repo,5,Not Applied,,,,,
↳,"Software Engineer Intern, Intelligent Creation-Camera","San Jose, CA",https://lifeattiktok.com/search/7668862422178318597,2026-09-06,,Unknown - check listing,Unknown,vansh_repo,5,Not Applied,,,,,
↳,"Software Engineer Intern, AI Agent & Global Revenue Platform","San Jose, CA",https://lifeattiktok.com/search/7669712589169117445,2026-09-06,,Unknown - check listing,Unknown,vansh_repo,5,Not Applied,,,,,
↳,"Frontend Engineer Intern, Global CRM","San Jose, CA",https://lifeattiktok.com/search/7669711026846058757,2026-09-06,,Unknown - check listing,Unknown,vansh_repo,5,Not Applied,,,,,
↳,"Software Engineer Intern, Global Live-Foundation 🛂","San Jose, CA",https://lifeattiktok.com/search/7667935150530840837,2026-09-06,,No sponsorship,Unknown,vansh_repo,5,Not Applied,,,,,
Samsara,Software Engineering Intern,"San Francisco, CA",https://www.samsara.com/company/careers/roles/8082091,2026-09-06,,Unknown - check listing,Unknown,vansh_repo,5,Not Applied,,,,,
Modal,ML Research Intern,"New York, NY</br>San Francisco, CA",https://jobs.ashbyhq.com/modal/38888294-6bc7-4dab-b072-6d0f0c2ed79a,2026-09-06,,Unknown - check listing,Unknown,vansh_repo,5,Not Applied,,,,,
↳,"Software Engineer Intern, Fullstack Product (Web + Services)","Multiple Locations, United States",https://apply.careers.microsoft.com/careers,2026-09-06,,Unknown - check listing,Unknown,vansh_repo,5,Not Applied,,,,,
Melius,Software Engineering Intern,"New York City, NY",https://jobs.ashbyhq.com/melius/b61f063a-4f94-4e50-a4ef-05aaab552280,2026-09-06,,Unknown - check listing,Unknown,vansh_repo,5,Not Applied,,,,,
ByteDance,"Software Engineer Intern, Distributed NoSQL Database Systems","San Jose, CA",https://joinbytedance.com/search/7668374190764050741,2026-09-06,,Unknown - check listing,Unknown,vansh_repo,5,Not Applied,,,,,
↳,"Software Engineer Intern, Distributed NoSQL Database Systems","Seattle, WA",https://joinbytedance.com/search/7668373268886161669,2026-09-06,,Unknown - check listing,Unknown,vansh_repo,5,Not Applied,,,,,
↳,"Software Engineer Intern, AI Platform 🛂","San Jose, CA",https://joinbytedance.com/search/7668212952030841093,2026-09-06,,No sponsorship,Unknown,vansh_repo,5,Not Applied,,,,,
Medtronic,Software Engineering Intern 🛂,"<details><summary>**5 locations**</summary>Fridley, MN</br>Tempe, AZ</br>Eatontown, NJ</br>Santa Rosa, CA</br>Lafayette, CO</details>",https://medtronic.wd1.myworkdayjobs.com/en-US/medtroniccareers/job/Fridley-Minnesota-United-States-of-America/Software-Engineering-Intern---Summer-2027_R73630-1,2026-09-06,,No sponsorship,Unknown,vansh_repo,5,Not Applied,,,,,
FTI Consulting,Technology Intern,"<details><summary>**12 locations**</summary>Atlanta, GA</br>Chicago, IL</br>Houston, TX</br>Los Angeles, CA</br>New York, NY</br>San Francisco, CA</br>Washington, DC</br>Chicago, IL</br>Los Angeles, CA</br>New York, NY</br>San Francisco, CA</br>Washington, DC</details>",https://fticonsulting.wd108.myworkdayjobs.com/FTIConsultingCareers/job/United-States/XMLNAME-2027-Intern---Technology_JR260339-1,2026-09-06,,Unknown - check listing,Unknown,vansh_repo,5,Not Applied,,,,,
DRW,Software Developer Intern,"Chicago, IL",https://www.drw.com/work-at-drw/listings/software-developer-intern-3467328,2026-09-06,,Unknown - check listing,Unknown,vansh_repo,5,Not Applied,,,,,
↳,Software Developer Intern,Montréal,https://www.drw.com/work-at-drw/listings/software-developer-intern-3466687,2026-09-06,,Unknown - check listing,Unknown,vansh_repo,5,Not Applied,,,,,
↳,Quantitative Trading Analyst Intern,"Chicago, IL",https://www.drw.com/work-at-drw/listings/quantitative-trading-analyst-intern-3375090,2026-09-06,,Unknown - check listing,Unknown,vansh_repo,5,Not Applied,,,,,
↳,Quantitative Research Intern,"Chicago, IL</br>New York City, NY",https://www.drw.com/work-at-drw/listings/quantitative-research-intern-3413670,2026-09-06,,Unknown - check listing,Unknown,vansh_repo,5,Not Applied,,,,,
↳,Platform Engineer Intern,"Chicago, IL",https://www.drw.com/work-at-drw/listings/platform-engineer-intern-3468737,2026-09-06,,Unknown - check listing,Unknown,vansh_repo,5,Not Applied,,,,,
↳,AI/ML Research Intern,Montréal,https://www.drw.com/work-at-drw/listings/aiml-research-intern-3466679,2026-09-06,,Unknown - check listing,Unknown,vansh_repo,5,Not Applied,,,,,
↳,FPGA Intern,"Chicago, IL",https://www.drw.com/work-at-drw/listings/fpga-intern-3484423,2026-09-06,,Unknown - check listing,Unknown,vansh_repo,5,Not Applied,,,,,
Castleton Commodities International,Data Engineering Intern,"Stamford, CT</br>Houston, TX</br>New York City, NY",https://osv-cci.wd1.myworkdayjobs.com/en-US/CCICareers/job/Stamford-CT/Data-Engineering-Internship--Summer-2027-_R1346,2026-09-06,,Unknown - check listing,Unknown,vansh_repo,5,Not Applied,,,,,
↳,Data Science Machine Learning Intern,"Stamford, CT</br>Houston, TX</br>New York City, NY",https://osv-cci.wd1.myworkdayjobs.com/en-US/CCICareers/job/Stamford-CT/Data-Science-Machine-Learning-Internship--Summer-2027-_R1344,2026-09-06,,Unknown - check listing,Unknown,vansh_repo,5,Not Applied,,,,,
↳,Full-Stack Software Engineer Intern,"Stamford, CT</br>Houston, TX",https://osv-cci.wd1.myworkdayjobs.com/en-US/CCICareers/job/Stamford-CT/Full-Stack-Software-Engineer-Internship--Summer-2027-_R1350,2026-09-06,,Unknown - check listing,Unknown,vansh_repo,5,Not Applied,,,,,
Virtu Financial,Frontend & User Experience Intern,"New York, NY",https://job-boards.greenhouse.io/virtu/jobs/8657500002,2026-09-06,,Unknown - check listing,Unknown,vansh_repo,5,Not Applied,,,,,
General Dynamics Information Technology,Systems Engineer Intern,"Albany, NY",https://www.gd.com/careers/systems-engineer-intern-albany-ny-us-rq225289-gdit-opportunity,2026-09-06,,Unknown - check listing,Unknown,vansh_repo,5,Not Applied,,,,,
Chicago Trading Company,Software Engineer Intern,"Chicago, IL",https://job-boards.greenhouse.io/ctccampusboard/jobs/4708230005,2026-09-06,,Unknown - check listing,Unknown,vansh_repo,5,Not Applied,,,,,
↳,Quant Trading Intern,"Chicago, IL",https://job-boards.greenhouse.io/ctccampusboard/jobs/4708188005,2026-09-06,,Unknown - check listing,Unknown,vansh_repo,5,Not Applied,,,,,
Appian,Information Security Engineer Intern 🛂,"McLean, VA",https://job-boards.greenhouse.io/appian/jobs/8088496,2026-09-06,,No sponsorship,Unknown,vansh_repo,5,Not Applied,,,,,
Virtu Financial,Software Engineer Intern,"Austin, TX</br>New York",https://job-boards.greenhouse.io/virtu/jobs/8624410002,2026-09-06,,Unknown - check listing,Unknown,vansh_repo,5,Not Applied,,,,,
Virtu,Quantitative Trading Intern,"Austin, TX</br>Chicago, IL</br>New York, NY",https://job-boards.greenhouse.io/virtu/jobs/8624408002,2026-09-06,,Unknown - check listing,Unknown,vansh_repo,5,Not Applied,,,,,
Stevens Capital Management,Quantitative Research Analyst Internship,"Radnor, PA",https://job-boards.greenhouse.io/scm/jobs/721895,2026-09-06,,Unknown - check listing,Unknown,vansh_repo,5,Not Applied,,,,,
Quadrillion Labs,Software Engineering Intern,"New York, NY",https://jobs.ashbyhq.com/quadrillion-labs/a4acc44c-31ce-41a0-ab44-2500487b4d05,2026-09-06,,Unknown - check listing,Unknown,vansh_repo,5,Not Applied,,,,,
PDT Partners,Software Engineering Intern,"New York, NY",https://job-boards.greenhouse.io/pdtpartners/jobs/8077685,2026-09-06,,Unknown - check listing,Unknown,vansh_repo,5,Not Applied,,,,,
HyperLight,Software Engineer Intern,"Cambridge, MA",https://apply.workable.com/hyperlight/j/5581EA0668/,2026-09-06,,Unknown - check listing,Unknown,vansh_repo,5,Not Applied,,,,,
Appian,Software Engineering Intern 🛂,"McLean, VA",https://job-boards.greenhouse.io/appian/jobs/8041237,2026-09-06,,No sponsorship,Unknown,vansh_repo,5,Not Applied,,,,,
Radix Trading,"Quantitative Technologist Intern, C++","Chicago, IL",https://job-boards.greenhouse.io/radixuniversity/jobs/8500265002,2026-09-06,,Unknown - check listing,Unknown,vansh_repo,5,Not Applied,,,,,
Palantir Technologies,"Software Engineer Intern, Production Infrastructure","Seattle, WA",https://jobs.lever.co/palantir/373367a9-3160-49d8-b7af-2efec062fad1,2026-09-06,,Unknown - check listing,Unknown,vansh_repo,5,Not Applied,,,,,
↳,"Software Engineer Intern, Infrastructure","New York, NY",https://jobs.lever.co/palantir/b229baac-494b-4a0d-9a13-2e38806e06f3,2026-09-06,,Unknown - check listing,Unknown,vansh_repo,5,Not Applied,,,,,
↳,Software Engineer Intern,"New York, NY",https://jobs.lever.co/palantir/7d69cf8a-06fd-4f05-bd84-27149db29c4d,2026-09-06,,Unknown - check listing,Unknown,vansh_repo,5,Not Applied,,,,,
↳,Software Engineer Intern,"Washington, D.C.",https://jobs.lever.co/palantir/bdcfb29f-4f27-42de-933f-7f83a359b9f0,2026-09-06,,Unknown - check listing,Unknown,vansh_repo,5,Not Applied,,,,,
↳,Software Engineer Intern,"Palo Alto, CA",https://jobs.lever.co/palantir/e27af7ab-41fc-40c9-b31d-02c6cb1c505c,2026-09-06,,Unknown - check listing,Unknown,vansh_repo,5,Not Applied,,,,,
Old Mission,Software Engineer Intern,"Chicago, IL",https://www.oldmissioncapital.com/careers/,2026-09-06,,Unknown - check listing,Unknown,vansh_repo,5,Not Applied,,,,,
Jane Street,Software Engineer Intern,"New York, NY",https://www.janestreet.com/join-jane-street/position/8599644002/,2026-09-06,,Unknown - check listing,Unknown,vansh_repo,5,Not Applied,,,,,
↳,Windows Engineer Intern,"New York, NY",https://www.janestreet.com/join-jane-street/position/8628843002/,2026-09-06,,Unknown - check listing,Unknown,vansh_repo,5,Not Applied,,,,,
↳,Trading Desk Operations Engineer Intern,"New York, NY",https://www.janestreet.com/join-jane-street/position/8621450002/,2026-09-06,,Unknown - check listing,Unknown,vansh_repo,5,Not Applied,,,,,
↳,Tools and Compilers Research and Development Intern,"New York, NY",https://www.janestreet.com/join-jane-street/position/5869205002/,2026-09-06,,Unknown - check listing,Unknown,vansh_repo,5,Not Applied,,,,,
↳,Sales and Trading Intern,"New York, NY",https://www.janestreet.com/join-jane-street/position/8347385002/,2026-09-06,,Unknown - check listing,Unknown,vansh_repo,5,Not Applied,,,,,
↳,Network Engineer Intern,"New York, NY",https://www.janestreet.com/join-jane-street/position/8620793002/,2026-09-06,,Unknown - check listing,Unknown,vansh_repo,5,Not Applied,,,,,
↳,Linux Engineer Intern,"New York, NY",https://www.janestreet.com/join-jane-street/position/8626260002/,2026-09-06,,Unknown - check listing,Unknown,vansh_repo,5,Not Applied,,,,,
↳,Hardware Engineer (FPGA/ASIC) Intern,"New York, NY",https://www.janestreet.com/join-jane-street/position/8624440002/,2026-09-06,,Unknown - check listing,Unknown,vansh_repo,5,Not Applied,,,,,
↳,Fundamental Research Analyst Intern,"New York, NY",https://www.janestreet.com/join-jane-street/position/8347286002/,2026-09-06,,Unknown - check listing,Unknown,vansh_repo,5,Not Applied,,,,,
↳,Data Engineer Intern,"New York, NY",https://www.janestreet.com/join-jane-street/position/8631973002/,2026-09-06,,Unknown - check listing,Unknown,vansh_repo,5,Not Applied,,,,,
↳,Cybersecurity Analyst Intern,"New York, NY",https://www.janestreet.com/join-jane-street/position/8632723002/,2026-09-06,,Unknown - check listing,Unknown,vansh_repo,5,Not Applied,,,,,
↳,Machine Learning Researcher Intern,"New York, NY",https://www.janestreet.com/join-jane-street/position/8384490002/,2026-09-06,,Unknown - check listing,Unknown,vansh_repo,5,Not Applied,,,,,
↳,Machine Learning Engineer Intern,"New York, NY",https://www.janestreet.com/join-jane-street/position/8611307002/,2026-09-06,,Unknown - check listing,Unknown,vansh_repo,5,Not Applied,,,,,
↳,Quantitative Researcher Intern,"New York, NY",https://www.janestreet.com/join-jane-street/position/8498547002/,2026-09-06,,Unknown - check listing,Unknown,vansh_repo,5,Not Applied,,,,,
↳,Quantitative Trader Intern,"New York, NY",https://www.janestreet.com/join-jane-street/position/8617344002/,2026-09-06,,Unknown - check listing,Unknown,vansh_repo,5,Not Applied,,,,,
IMC,Hardware Engineer Intern,"Chicago, IL",https://www.imc.com/us/careers/jobs/4823945101,2026-09-06,,Unknown - check listing,Unknown,vansh_repo,5,Not Applied,,,,,
↳,Quantitative Research Intern,"Chicago, IL",https://www.imc.com/us/careers/jobs/4907399101,2026-09-06,,Unknown - check listing,Unknown,vansh_repo,5,Not Applied,,,,,
↳,Quantitative Research Intern (PHD),Chicago,https://www.imc.com/us/careers/jobs/4907400101,2026-09-06,,Unknown - check listing,Unknown,vansh_repo,5,Not Applied,,,,,
Hudson River Trading,Intern,"New York, NY",https://www.hudsonrivertrading.com/hrt-job/algorithm-development-quant-research-internship-summer-2027/,2026-09-06,,Unknown - check listing,Unknown,vansh_repo,5,Not Applied,,,,,
↳,Software Engineer Intern,"Austin, TX</br>Chicago, IL</br>New York, NY",https://www.hudsonrivertrading.com/hrt-job/software-engineering-internship-c-or-python-summer-2027/,2026-09-06,,Unknown - check listing,Unknown,vansh_repo,5,Not Applied,,,,,
Deepgram,Software Engineering Intern,Remote</br>US,https://jobs.ashbyhq.com/deepgram/dc8693b5-72ce-4ca3-ab15-9c8434d35da1,2026-09-06,,Unknown - check listing,Unknown,vansh_repo,5,Not Applied,,,,,
Appian,Software Engineering Intern 🛂,"McLean, VA",https://careers.appian.com/jobs/8041237-software-engineering-intern,2026-09-06,,No sponsorship,Unknown,vansh_repo,5,Not Applied,,,,,
↳,Product Manager Intern 🛂,"McLean, VA",https://careers.appian.com/jobs/8041243-product-manager-intern-,2026-09-06,,No sponsorship,Unknown,vansh_repo,5,Not Applied,,,,,
↳,"Software Engineer Intern, C# .NET Desktop","Chicago, IL",https://akunacapital.com/careers/job/8018886/,2026-09-06,,Unknown - check listing,Unknown,vansh_repo,5,Not Applied,,,,,
Jump Trading Group,Campus UI Software Engineer Intern,"Chicago, IL",https://www.jumptrading.com/hr/job,2026-09-06,,Unknown - check listing,Unknown,vansh_repo,5,Not Applied,,,,,
Tower Research,Quantitative Developer Intern,"Chicago, IL</br>New York, NY",https://tower-research.com/open-positions/,2026-09-06,,Unknown - check listing,Unknown,vansh_repo,5,Not Applied,,,,,
Susquehanna Investment Group,Quantitative Strategy Developer Intern,"Bala Cynwyd, PA",https://careers.sig.com/intern-co-op-technology/jobs/10838,2026-09-06,,Unknown - check listing,Unknown,vansh_repo,5,Not Applied,,,,,
Optiver,Software Engineer Intern,"Chicago, IL",https://www.optiver.com/join-us/jobs/technology/chicago/software-engineer-intern-summer-2027-chicago/,2026-09-06,,Unknown - check listing,Unknown,vansh_repo,5,Not Applied,,,,,
↳,Software Engineer Intern,"Austin, TX",https://www.optiver.com/join-us/jobs/technology/austin/software-engineer-intern-summer-2027-austin/,2026-09-06,,Unknown - check listing,Unknown,vansh_repo,5,Not Applied,,,,,
IMC,Software Engineer Intern,"Chicago, IL",https://www.imc.com/us/careers/jobs/4823924101,2026-09-06,,Unknown - check listing,Unknown,vansh_repo,5,Not Applied,,,,,
DE Shaw,Software Developer Intern,"New York, NY",https://www.deshaw.com/careers/software-developer-intern-new-york-summer-2027-5894,2026-09-06,,Unknown - check listing,Unknown,vansh_repo,5,Not Applied,,,,,
Citadel,Software Engineer Intern,"<details><summary>**4 locations**</summary>New York, NY</br>Greenwich, CT</br>Miami, FL</br>Houston, TX</details>",https://www.citadel.com/careers/details/software-engineer-intern-us/,2026-09-06,,Unknown - check listing,Unknown,vansh_repo,5,Not Applied,,,,,
Aquatic,Software Engineer Intern,"Chicago, IL",https://job-boards.greenhouse.io/aquaticcapitalmanagement/jobs/8489233002,2026-09-06,,Unknown - check listing,Unknown,vansh_repo,5,Not Applied,,,,,
Anduril,Software Engineer Intern,"<details><summary>**6 locations**</summary>Atlanta, GA</br>Boston, MA</br>Costa Mesa, CA</br>Irvine, CA</br>Reston, VA</br>Seattle, WA</details>",https://job-boards.greenhouse.io/andurilindustries/jobs/5148079007,2026-09-06,,Unknown - check listing,Unknown,vansh_repo,5,Not Applied,,,,,
Voloridge Investment Management,Quantitative Developer Intern,"Jupiter, FL",https://voloridge-investment-management.hiringthing.com/job/1013126/quantitative-developer-intern-2027,2026-09-06,,Unknown - check listing,Unknown,vansh_repo,5,Not Applied,,,,,
Susquehanna,Trading System Engineering Intern,"Bala Cynwyd, PA",https://careers.sig.com/jobs/10837,2026-09-06,,Unknown - check listing,Unknown,vansh_repo,5,Not Applied,,,,,
Stoke Space,Software Engineer Intern,"Kent, WA",https://www.stokespace.com/careers/current-openings/,2026-09-06,,Unknown - check listing,Unknown,vansh_repo,5,Not Applied,,,,,
Etched,"Inference Intern, Architecture","San Jose, CA",https://jobs.ashbyhq.com/Etched/aa17bfa2-2922-4aa7-820d-76064f2551a8,2026-09-06,,Unknown - check listing,Unknown,vansh_repo,5,Not Applied,,,,,
↳,Firmware Intern,"San Jose, CA",https://jobs.ashbyhq.com/Etched/8134a9bf-9624-48dd-98be-0bf1c3cb1f55,2026-09-06,,Unknown - check listing,Unknown,vansh_repo,5,Not Applied,,,,,
↳,Infrastructure Intern,"San Jose, CA",https://jobs.ashbyhq.com/Etched/80926a71-0a62-4bf8-a877-b6d96df279b7,2026-09-06,,Unknown - check listing,Unknown,vansh_repo,5,Not Applied,,,,,
↳,Supercomputing Intern,"San Jose, CA",https://jobs.ashbyhq.com/Etched/2d7039e2-190e-4039-b5a9-fff9efa7cc8e,2026-09-06,,Unknown - check listing,Unknown,vansh_repo,5,Not Applied,,,,,
Aquatic Capital,Software Engineer Intern,"Chicago, IL",https://job-boards.greenhouse.io/embed/job_app,2026-09-06,,Unknown - check listing,Unknown,vansh_repo,5,Not Applied,,,,,
↳,"Software Engineering Intern, Masters",United States,https://jobs.apple.com/en-us/details/200664320/software-engineering-masters-internships,2026-09-06,,Unknown - check listing,Unknown,vansh_repo,5,Not Applied,,,,,
WSP,Software Developer Intern,"Dallas, TX",https://emit.fa.ca3.oraclecloud.com/hcmUI/CandidateExperience/en/sites/CX_2001/job/86808,2026-09-06,,Unknown - check listing,Unknown,vansh_repo,5,Not Applied,,,,,
"Apex Technology, Inc.","Software Engineering Intern, Embedded Systems",Los Angeles,https://jobs.ashbyhq.com/apex-technology-inc/5ec2dfa9-724d-4ce4-ab97-5067ec747f11,2026-09-06,,Unknown - check listing,Unknown,vansh_repo,5,Not Applied,,,,,
DimeHealth AI,Forward Deployed Engineering Intern,"New York, NY",https://www.workatastartup.com/jobs/94211,2026-09-06,,Unknown - check listing,Unknown,vansh_repo,5,Not Applied,,,,,
Homebase,"Forward Deployed Engineering Intern, AI-Native","Houston, TX</br>San Francisco, CA",https://jobs.ashbyhq.com/homebase/a7ab59c0-786e-4675-b684-2ed19b240fb2,2026-09-06,,Unknown - check listing,Unknown,vansh_repo,5,Not Applied,,,,,
TikTok,"LLM Post-training Engineer Intern, Research & Product","San Jose, CA",https://lifeattiktok.com/search/7631599293708126517,2026-09-06,,Unknown - check listing,Unknown,vansh_repo,5,Not Applied,,,,,
Al Warren Oil Company,Software Developer Intern,"Bensenville, IL",https://apply.workable.com/al-warren-oil-company-inc/j/A4487B349D/,2026-09-06,,Unknown - check listing,Unknown,vansh_repo,5,Not Applied,,,,,
H&CO,Software Development Intern,"Coral Gables, FL",https://career41.sapsf.com/career,2026-09-06,,Unknown - check listing,Unknown,vansh_repo,5,Not Applied,,,,,
Ether.fi,GTM Engineer Intern,Cayman</br>Denver</br>New York,https://jobs.ashbyhq.com/ether.fi/6dcb712c-8fe5-4725-ad6a-0e9771af22cb,2026-09-06,,Unknown - check listing,Unknown,vansh_repo,5,Not Applied,,,,,
TETRAMEM,"Software Engineer Intern, Embedded","San Jose, CA",https://tetramem.hrmdirect.com/employment/job-opening.php,2026-09-06,,Unknown - check listing,Unknown,vansh_repo,5,Not Applied,,,,,
Skyworks,Analog IC Design Co-op,"Irvine, CA",https://careers.skyworksinc.com/job/Irvine-Analog-IC-Design-SummerFall-Co-Op-(June-&apos;26-Dec-&apos;26)-CA-92602/76295-en_US/,2026-09-06,,Unknown - check listing,Unknown,vansh_repo,5,Not Applied,,,,,
Poshmark,"Cloud Platform Engineer Intern, Growth 🛂","Redwood City, CA",https://jobs.ashbyhq.com/poshmark/062b84e6-1633-43ae-870b-83cb62893caa,2026-09-06,,No sponsorship,Unknown,vansh_repo,5,Not Applied,,,,,
"Intercontinental Exchange, Inc.","Artificial Intelligence, Data & Machine Learning Intern","New York, NY",https://careers.ice.com/jobs/12830,2026-09-06,,Unknown - check listing,Unknown,vansh_repo,5,Not Applied,,,,,
Fiserv,Application Development Intern 🛂,"Alpharetta, GA",https://careers.fiserv.com/us/en/job/FFFYJUSR10390264EXTERNALENUS/Application-Development-Summer-Intern,2026-09-06,,No sponsorship,Unknown,vansh_repo,5,Not Applied,,,,,
↳,Technology Intern 🛂,"Columbus, OH",https://careers.fiserv.com/us/en/job/FFFYJUSR10390344EXTERNALENUS/Technology-Summer-Intern,2026-09-06,,No sponsorship,Unknown,vansh_repo,5,Not Applied,,,,,
Point72,"Investment Analyst Intern, Point72 Academy","<details><summary>**5 locations**</summary>New York, NY</br>San Francisco, CA</br>Chicago, IL</br>West Palm Beach, FL</br>Miami, FL</details>",https://careers.point72.com/CSJobDetail,2026-09-06,,Unknown - check listing,Unknown,vansh_repo,5,Not Applied,,,,,
Marvell,"Firmware Engineer Intern, BS - Summer 2027","Santa Clara, CA",https://marvell.wd1.myworkdayjobs.com/marvellcareers/job/Santa-Clara-CA/Firmware-Engineer-Intern--BS---Summer-2027_2604461,2026-09-06,,Unknown - check listing,Unknown,applyguy_repo,5,Not Applied,,,,,
Marvell,"Firmware Engineer Intern, MS - Summer 2027","Santa Clara, CA",https://marvell.wd1.myworkdayjobs.com/marvellcareers/job/Santa-Clara-CA/Firmware-Engineer-Intern--MS---Summer-2027_2604513,2026-09-06,,Unknown - check listing,Unknown,applyguy_repo,5,Not Applied,,,,,
Saabusa,Software Engineering Co-Op (Spring - Summer 2027),"East Syracuse, NY (Collamer)",https://saabusa.wd1.myworkdayjobs.com/saab_careers/job/East-Syracuse-NY-Collamer/Software-Engineering-Co-Op--Spring---Summer-2027-_R-03240-1,2026-09-06,,Unknown - check listing,Unknown,applyguy_repo,5,Not Applied,,,,,
"Apex Technology, Inc.",Simulation Software Engineering Internship (Spring or Summer 2027) ,"Los Angeles, CA",https://jobs.ashbyhq.com/apex-technology-inc/d3e21f84-3637-4521-833d-fd07b3ca5f2e,2026-09-06,,Unknown - check listing,Unknown,applyguy_repo,5,Not Applied,,,,,
CACI,Software Engineer Intern - Summer 2027,"Ypsilanti, MI",https://caci.wd1.myworkdayjobs.com/external/job/Ypsilanti-MI-US/Software-Engineer-Intern---Summer-2027_331648,2026-09-06,,Unknown - check listing,Unknown,applyguy_repo,5,Not Applied,,,,,
CIBC,2027 Summer Intern - Software Engineering,"Chicago, IL",https://cibc.wd3.myworkdayjobs.com/search/job/Chicago-IL/XMLNAME-2027-Summer-Intern---Software-Engineering_2618322-1,2026-09-06,,Unknown - check listing,Unknown,applyguy_repo,5,Not Applied,,,,,
Cox,"Software Engineering Intern - Summer 2027 (North Hills, NY)","Long Island, NY",https://cox.wd1.myworkdayjobs.com/cox_external_career_site_1/job/Long-Island-NY/Software-Engineering-Intern---Summer-2027--North-Hills--NY-_R202682171-1,2026-09-06,,Unknown - check listing,Unknown,applyguy_repo,5,Not Applied,,,,,
"ENFOS, Inc.",Software Engineer Intern (Summer 2027),"Chicago, IL",https://jobs.workable.com/view/spKbAZ8XZe4WYBsjSq5Peo/software-engineer-intern-(summer-2027)-in-chicago-at-enfos%2C-inc.,2026-09-06,,Unknown - check listing,Unknown,applyguy_repo,5,Not Applied,,,,,
"ENFOS, Inc.",Software Engineer Intern (Summer 2027),"Durham, NC",https://jobs.workable.com/view/fz4rvxApTnTMiGRHPmmqfV/software-engineer-intern-(summer-2027)-in-durham-at-enfos%2C-inc.,2026-09-06,,Unknown - check listing,Unknown,applyguy_repo,5,Not Applied,,,,,
rivian-vw-tech,Software Engineering Intern - Connected Systems (January - August 2027),"Irvine, CA",https://jobs.ashbyhq.com/rivianvw.tech/13eeb795-a5dd-4b5a-9b98-808e5ec357c2,2026-09-06,,Unknown - check listing,Unknown,applyguy_repo,5,Not Applied,,,,,
rivian-vw-tech,"Software Engineering Intern - Applications, Infotainment & Mobile (January - August 2027)","Irvine, CA",https://jobs.ashbyhq.com/rivianvw.tech/c5c0f2e3-ae78-4ca6-94f8-b6940d3cdb69,2026-09-06,,Unknown - check listing,Unknown,applyguy_repo,5,Not Applied,,,,,
Schonfeld,2027 Software Engineering Intern,"New York City, NY",https://job-boards.greenhouse.io/schonfeld/jobs/8180089,2026-09-06,,Unknown - check listing,Unknown,applyguy_repo,5,Not Applied,,,,,
Snc,Software Engineering Intern (Summer 2027),"Sparks, NV",https://snc.wd1.myworkdayjobs.com/snc_external_career_site/job/Sparks-NV/Software-Engineering-Intern--Summer-2027-_R0030760,2026-09-06,,Unknown - check listing,Unknown,applyguy_repo,5,Not Applied,,,,,
Snc,Software Engineering Intern (Summer 2027),"Dayton, OH",https://snc.wd1.myworkdayjobs.com/snc_external_career_site/job/Dayton-OH/Software-Engineering-Intern--Summer-2027-_R0030754,2026-09-06,,Unknown - check listing,Unknown,applyguy_repo,5,Not Applied,,,,,
Snc,Software Engineering Intern (Summer 2027),"Plano, TX",https://snc.wd1.myworkdayjobs.com/snc_external_career_site/job/Plano-TX/Software-Engineering-Intern--Summer-2027-_R0030758,2026-09-06,,Unknown - check listing,Unknown,applyguy_repo,5,Not Applied,,,,,
Snc,Software Engineering Intern (Summer 2027),"Southern Pines, NC",https://snc.wd1.myworkdayjobs.com/snc_external_career_site/job/Southern-Pines-NC/Software-Engineering-Intern--Summer-2027-_R0030759,2026-09-06,,Unknown - check listing,Unknown,applyguy_repo,5,Not Applied,,,,,
Snc,Software Engineering Intern (Summer 2027),"Folsom, CA",https://snc.wd1.myworkdayjobs.com/snc_external_career_site/job/Folsom-CA/Software-Engineering-Intern--Summer-2027-_R0030761-1,2026-09-06,,Unknown - check listing,Unknown,applyguy_repo,5,Not Applied,,,,,
Snc,Software Engineering Intern (Summer 2027),"Lone Tree, CO",https://snc.wd1.myworkdayjobs.com/snc_external_career_site/job/Lone-Tree-CO/Software-Engineering-Intern--Summer-2027-_R0030757,2026-09-06,,Unknown - check listing,Unknown,applyguy_repo,5,Not Applied,,,,,
Zipline,Aircraft Software Integration Intern (Summer 2027),"South San Francisco, CA",https://www.zipline.com/open-roles/7986848003?gh_jid=7986848003,2026-09-06,,Unknown - check listing,Unknown,applyguy_repo,5,Not Applied,,,,,
Zipline,Aircraft Software Integration Intern (Spring 2027),"South San Francisco, CA",https://www.zipline.com/open-roles/7986810003?gh_jid=7986810003,2026-09-06,,Unknown - check listing,Unknown,applyguy_repo,5,Not Applied,,,,,
"Apex Technology, Inc.","Software Engineering Internship, Test & Automation (Spring or Summer 2027)","Los Angeles, CA",https://jobs.ashbyhq.com/apex-technology-inc/692bb497-59ba-44df-bacf-fffd2f7c6344,2026-09-06,,Unknown - check listing,Unknown,applyguy_repo,5,Not Applied,,,,,
"Apex Technology, Inc.",Ground Software Engineering Internship (Spring or Summer 2027),"Los Angeles, CA",https://jobs.ashbyhq.com/apex-technology-inc/2d5ad921-241f-4e7a-b9ff-9d01763da88c,2026-09-06,,Unknown - check listing,Unknown,applyguy_repo,5,Not Applied,,,,,
Gevernova,GE Vernova Software Engineering - Co-op -Summer - Fall,"Rochester, NY",https://gevernova.wd5.myworkdayjobs.com/only_confidential_executive_recruiting/job/Rochester/GE-Vernova-Software-Engineering---Co-op--Summer---Fall_R5051794-1,2026-09-06,,Unknown - check listing,Unknown,applyguy_repo,5,Not Applied,,,,,
Gevernova,GE Vernova Software Engineering - Co-op - Spring-Summer 2027,"Rochester, NY",https://gevernova.wd5.myworkdayjobs.com/only_confidential_executive_recruiting/job/Rochester/GE-Vernova-Software-Engineering---Co-op---Spring-Summer-2027_R5051780-1,2026-09-06,,Unknown - check listing,Unknown,applyguy_repo,5,Not Applied,,,,,
Hermeus,GNC & Flight Software Intern - Spring/Summer 2027,"Atlanta, GA",https://jobs.lever.co/hermeus/555263f6-c5ec-4489-ab07-1aea546b70e7,2026-09-06,,Unknown - check listing,Unknown,applyguy_repo,5,Not Applied,,,,,
Hermeus,Software Engineering Intern (Command & Control) - Spring/Summer 2027,"Atlanta, GA",https://jobs.lever.co/hermeus/5b08e2df-c9db-4831-aece-67d89e744796,2026-09-06,,Unknown - check listing,Unknown,applyguy_repo,5,Not Applied,,,,,
ID.me University Recruiting,Summer Intern 2027 - Software Development Engineer Intern,"Mountain View, CA",https://job-boards.greenhouse.io/idmeuniversityrecruiting/jobs/7980429003,2026-09-06,,Unknown - check listing,Unknown,applyguy_repo,5,Not Applied,,,,,
Innovative Systems,Intern/Co-op- Summer 2027 - Software Engineering,"Pittsburgh, PA",https://innovativesystems.applytojob.com/apply/nPMqeNSQOo,2026-09-06,,Unknown - check listing,Unknown,applyguy_repo,5,Not Applied,,,,,
Innovative Systems,Intern/Co-op-Spring 2027 - Software Engineering,"Pittsburgh, PA",https://innovativesystems.applytojob.com/apply/wJuSCjOOqx,2026-09-06,,Unknown - check listing,Unknown,applyguy_repo,5,Not Applied,,,,,
Mckesson,Software Installation & IT Support Intern - Summer 2027,"Longmont, CO",https://mckesson.wd3.myworkdayjobs.com/external_careers/job/USA-CO-Longmont/Software-Installation---IT-Support-Intern---Summer-2027_JR0152304,2026-09-06,,Unknown - check listing,Unknown,applyguy_repo,5,Not Applied,,,,,
Mckesson,Software Engineer Intern - Summer 2027,"Atlanta, GA",https://mckesson.wd3.myworkdayjobs.com/external_careers/job/USA-GA-Atlanta/Software-Engineer-Intern---Summer-2027_JR0153235,2026-09-06,,Unknown - check listing,Unknown,applyguy_repo,5,Not Applied,,,,,
Mckesson,Software Engineer Intern - Summer 2027,"Longmont, CO",https://mckesson.wd3.myworkdayjobs.com/external_careers/job/USA-CO-Longmont/Software-Engineer-Intern---Summer-2027_JR0152469,2026-09-06,,Unknown - check listing,Unknown,applyguy_repo,5,Not Applied,,,,,
Mckesson,Software Development Intern - Summer 2027,"Irving, TX",https://mckesson.wd3.myworkdayjobs.com/external_careers/job/USA-TX-Irving/Software-Development-Intern---Summer-2027_JR0152635,2026-09-06,,Unknown - check listing,Unknown,applyguy_repo,5,Not Applied,,,,,
Momentive,Summer 2027 Intern - Software Development,"Niskayuna, NY",https://momentive.wd1.myworkdayjobs.com/MC/job/US-NY-Niskayuna/Summer-2027-Intern---Software-Development_R9756,2026-09-06,,Unknown - check listing,Unknown,applyguy_repo,5,Not Applied,,,,,
Neighbor,Software Engineer Intern 2027,"Lehi, UT",https://jobs.lever.co/neighbor/7d66629f-3f4b-41ee-a324-fe0154e13c46,2026-09-06,,Unknown - check listing,Unknown,applyguy_repo,5,Not Applied,,,,,
Saabusa,Software Engineering Co-Op (Summer 2027),"East Syracuse, NY (Collamer)",https://saabusa.wd1.myworkdayjobs.com/saab_careers/job/East-Syracuse-NY-Collamer/Software-Engineering-Co-Op--Summer-2027-_R-03237-1,2026-09-06,,Unknown - check listing,Unknown,applyguy_repo,5,Not Applied,,,,,
The Exploration Company,Summer 2027 Internship (Software),California,https://jobs.ashbyhq.com/the-exploration-company/86270058-8eec-4692-b49d-97ce59fd54ac,2026-09-06,,Unknown - check listing,Unknown,applyguy_repo,5,Not Applied,,,,,
The Exploration Company,Spring 2027 Internship (Software),California,https://jobs.ashbyhq.com/the-exploration-company/e23f19f1-b5fa-408a-822c-c6c37631a2fe,2026-09-06,,Unknown - check listing,Unknown,applyguy_repo,5,Not Applied,,,,,
Transcard Payments LLC,2027 - Software Engineer Intern,"Chattanooga, TN",https://recruiting.paylocity.com/Recruiting/Jobs/Details/4476288,2026-09-06,,Unknown - check listing,Unknown,applyguy_repo,5,Not Applied,,,,,
Transcard Payments LLC,2027 - Software Implementation Intern,"Chattanooga, TN",https://recruiting.paylocity.com/Recruiting/Jobs/Details/4475691,2026-09-06,,Unknown - check listing,Unknown,applyguy_repo,5,Not Applied,,,,,
Waymo,"2027 Summer Intern, MS, Software Engineering, Behavior Test ","San Francisco, CA",https://careers.withwaymo.com/jobs?gh_jid=8174504,2026-09-06,,Unknown - check listing,Unknown,applyguy_repo,5,Not Applied,,,,,
Waymo,"2027 Summer Intern, BS, SysEng Software Engineer","Mountain View, CA",https://careers.withwaymo.com/jobs?gh_jid=8174099,2026-09-06,,Unknown - check listing,Unknown,applyguy_repo,5,Not Applied,,,,,
"Aerotech, Inc.",Software Engineering Internship or Co-op 2027,"Pittsburgh, PA",https://aerotech.applytojob.com/apply/OFIYSpO0HW,2026-09-06,,Unknown - check listing,Unknown,applyguy_repo,5,Not Applied,,,,,
AeroVironment,Summer 2027 Embedded Software Engineering Intern,"Simi Valley, CA",https://avav.wd1.myworkdayjobs.com/avav/job/Simi-Valley-CA/Summer-2027-Embedded-Software-Engineering-Intern_8388,2026-09-06,,Unknown - check listing,Unknown,applyguy_repo,5,Not Applied,,,,,
AeroVironment,Summer 2027 Software Engineering Intern,"Simi Valley, CA",https://avav.wd1.myworkdayjobs.com/avav/job/Simi-Valley-CA/Summer-2027-Software-Engineering-Intern_8611,2026-09-06,,Unknown - check listing,Unknown,applyguy_repo,5,Not Applied,,,,,
Aoins,Business Intelligence Developer Internship - Summer 2027,"Lansing, MI",https://aoins.wd5.myworkdayjobs.com/autoowners/job/Lansing-MI/Business-Intelligence-Developer-Internship---Summer-2027_R_14417,2026-09-06,,Unknown - check listing,Unknown,applyguy_repo,5,Not Applied,,,,,
"Apex Technology, Inc.","Software Engineering Internship, Embedded Systems (Spring or Summer 2027)","Los Angeles, CA",https://jobs.ashbyhq.com/apex-technology-inc/4203604c-2330-4c89-8432-37af718a6bda,2026-09-06,,Unknown - check listing,Unknown,applyguy_repo,5,Not Applied,,,,,
CACI,DevOps/Software Engineering Intern - Summer 2027,"Sterling, VA",https://caci.wd1.myworkdayjobs.com/external/job/Sterling-VA-US/DevOps-Software-Engineering-Intern---Summer-2027_331466,2026-09-06,,Unknown - check listing,Unknown,applyguy_repo,5,Not Applied,,,,,
CACI,Embedded Software Engineering Co-op - Spring 2027,"Danbury, CT",https://caci.wd1.myworkdayjobs.com/external/job/Danbury-CT-US/Embedded-Software-Engineering-Co-op---Spring-2027_331368,2026-09-06,,Unknown - check listing,Unknown,applyguy_repo,5,Not Applied,,,,,
CACI,Embedded Software Engineering Co-Op - Fall 2027,"Danbury, CT",https://caci.wd1.myworkdayjobs.com/external/job/Danbury-CT-US/Embedded-Software-Engineering-Co-Op---Fall-2027_331393,2026-09-06,,Unknown - check listing,Unknown,applyguy_repo,5,Not Applied,,,,,
Fifththird,Software Engineer Co-Op - Enterprise Finance Applications - Spring 2027,"Cincinnati, OH",https://fifththird.wd5.myworkdayjobs.com/53careers/job/Cincinnati-OH/Software-Engineer-Co-Op---Enterprise-Finance-Applications---Spring-2027_R71587,2026-09-06,,Unknown - check listing,Unknown,applyguy_repo,5,Not Applied,,,,,
Flir,EADSIM Software Engineering Intern (Summer 2027),"Huntsville, AL",https://flir.wd1.myworkdayjobs.com/flircareers/job/US---Huntsville-AL/EADSIM-Software-Engineering-Intern--Summer-2027-_REQ36667,2026-09-06,,Unknown - check listing,Unknown,applyguy_repo,5,Not Applied,,,,,
General Matter,Summer 2027 Internship - Embedded Software Engineering,"Los Angeles, CA",https://job-boards.greenhouse.io/generalmatter/jobs/5377131008,2026-09-06,,Unknown - check listing,Unknown,applyguy_repo,5,Not Applied,,,,,
Internship List,"DataOps Developer Intern, Atlanta (Winter/January 2027, 8+ Months)","Atlanta, GA",https://job-boards.greenhouse.io/internshiplist2000/jobs/5389379008,2026-09-06,,Unknown - check listing,Unknown,applyguy_repo,5,Not Applied,,,,,
Jj,Software Engineering Co-Op. Summer 2027,"Cincinnati, OH",https://jj.wd5.myworkdayjobs.com/JJ/job/Cincinnati-Ohio-United-States-of-America/Software-Engineering-Co-Op-Summer-2027_R-096743,2026-09-06,,Unknown - check listing,Unknown,applyguy_repo,5,Not Applied,,,,,
Newrez,2027 Summer Internship - Software Developer,"Coppell, TX",https://newrez.wd1.myworkdayjobs.com/nrz/job/TX-Coppell/XMLNAME-2027-Summer-Internship---Software-Developer_R10390,2026-09-06,,Unknown - check listing,Unknown,applyguy_repo,5,Not Applied,,,,,
Northmarq,"Software Engineering Intern, Summer 2027","Minneapolis, MN",https://job-boards.greenhouse.io/northmarq/jobs/5414475008,2026-09-06,,Unknown - check listing,Unknown,applyguy_repo,5,Not Applied,,,,,
Northrop Grumman,2027 Software Engineer Intern - Linthicum Maryland,"Linthicum, MD",https://ngc.wd1.myworkdayjobs.com/northrop_grumman_external_site/job/United-States-Maryland-Linthicum/XMLNAME-2027-Software-Engineer-Intern---Linthicum-Maryland_R10248910,2026-09-06,,Unknown - check listing,Unknown,applyguy_repo,5,Not Applied,,,,,
Philips,"Co-op - Software Development Engineer - Cambridge, MA - Jan-Aug 2027","Cambridge, MA",https://philips.wd3.myworkdayjobs.com/jobs-and-careers/job/Cambridge-US-Massachusetts-United-States/Co-op---Software-Development-Engineer---Cambridge--MA---Jan-Aug-2027_590095,2026-09-06,,Unknown - check listing,Unknown,applyguy_repo,5,Not Applied,,,,,
Philips,"Co-op – Software Engineering (APM) - Cambridge, MA - Jan - Aug 2027","Cambridge, MA",https://philips.wd3.myworkdayjobs.com/jobs-and-careers/job/Cambridge-US-Massachusetts-United-States/Co-op---Software-Engineering--APM----Cambridge--MA---Jan---Aug-2027_590097,2026-09-06,,Unknown - check listing,Unknown,applyguy_repo,5,Not Applied,,,,,
Philips,"Co-op – Software Engineer (R&D) – Cambridge, MA – January - August 2027","Cambridge, MA",https://philips.wd3.myworkdayjobs.com/jobs-and-careers/job/Cambridge-US-Massachusetts-United-States/Co-op---Software-Engineer--R-D----Cambridge--MA---January---August-2027_588891,2026-09-06,,Unknown - check listing,Unknown,applyguy_repo,5,Not Applied,,,,,
Plexus,Intern - Software Engineer (Summer 2027),"Raleigh, NC",https://plexus.wd504.myworkdayjobs.com/Plexus_Careers/job/Raleigh-NC/Intern---Software-Engineer--Summer-2027-_R040424,2026-09-06,,Unknown - check listing,Unknown,applyguy_repo,5,Not Applied,,,,,
Plexus,Intern - Software Engineer (Fall 2027),"Neenah, WI",https://plexus.wd504.myworkdayjobs.com/Plexus_Careers/job/Neenah-WI/Intern---Software-Engineer--Fall-2027-_R040443,2026-09-06,,Unknown - check listing,Unknown,applyguy_repo,5,Not Applied,,,,,
RTX,Software Engineering Co-op (Winter/Spring 2027),"Cedar Rapids, IA",https://globalhr.wd5.myworkdayjobs.com/rec_rtx_ext_gateway/job/US-IA-CEDAR-RAPIDS-105--400-Collins-Rd-NE--BLDG-105/Software-Engineering-Co-op--Winter-Spring-2027-_01870191,2026-09-06,,Unknown - check listing,Unknown,applyguy_repo,5,Not Applied,,,,,
RTX,Software Engineering Intern (Summer 2027),"Annapolis, MD",https://globalhr.wd5.myworkdayjobs.com/rec_rtx_ext_gateway/job/US-MD-ANNAPOLIS-904--2551-Riva-Rd--BLDG-904/Software-Engineering-Intern--Summer-2027-_01870699,2026-09-06,,Unknown - check listing,Unknown,applyguy_repo,5,Not Applied,,,,,
RTX,Software Engineering Co-op (Summer/Fall 2027),"Cedar Rapids, IA",https://globalhr.wd5.myworkdayjobs.com/rec_rtx_ext_gateway/job/US-IA-CEDAR-RAPIDS-105--400-Collins-Rd-NE--BLDG-105/Software-Engineering-Co-op--Summer-Fall-2027-_01870194,2026-09-06,,Unknown - check listing,Unknown,applyguy_repo,5,Not Applied,,,,,
RTX,Software  Engineering Intern (Summer 2027),"Cedar Rapids, IA",https://globalhr.wd5.myworkdayjobs.com/rec_rtx_ext_gateway/job/US-IA-CEDAR-RAPIDS-182--1100-Cimmie-Ave-Ne--BLDG-182/Software--Engineering-Intern--Summer-2027-_01868432,2026-09-06,,Unknown - check listing,Unknown,applyguy_repo,5,Not Applied,,,,,
RTX,Software Engineering Intern (Summer 2027),"Melbourne, FL",https://globalhr.wd5.myworkdayjobs.com/rec_rtx_ext_gateway/job/US-FL-MELBOURNE-313--1344-S-Babcock-St--BLDG-313/Software-Engineering-Intern--Summer-2027-_01871423,2026-09-06,,Unknown - check listing,Unknown,applyguy_repo,5,Not Applied,,,,,
RTX,Technical Publications– Artificial Intelligence/Machine Learning (AI/ML) Technical Developer Intern (Summer 2027) (Onsite),"East Hartford, CT",https://globalhr.wd5.myworkdayjobs.com/private_posting_no_tmp/job/US-CT-EAST-HARTFORD-ETC--400-Main-St--BLDG-ETC/Technical-Publications-AI-ML-Technical-Developer-Intern--Summer-2027---Onsite-_01866027,2026-09-06,,Unknown - check listing,Unknown,applyguy_repo,5,Not Applied,,,,,
Touchstone Investments,Artificial Intelligence Developer Intern (Full Year 2027),"Cincinnati, OH",https://careers-westernsouthern.icims.com/jobs/25211/artificial-intelligence-developer-intern-%28full-year-2027%29/job,2026-09-06,,Unknown - check listing,Unknown,applyguy_repo,5,Not Applied,,,,,
Touchstone Investments,Software Developer Intern (Agency Systems) (Full Year 2027),"Cincinnati, OH",https://careers-westernsouthern.icims.com/jobs/25222/software-developer-intern-%28agency-systems%29-%28full-year-2027%29/job,2026-09-06,,Unknown - check listing,Unknown,applyguy_repo,5,Not Applied,,,,,
Touchstone Investments,Software Developer Intern (Enterprise Process Management Team) (Full Year 2027),"Cincinnati, OH",https://careers-westernsouthern.icims.com/jobs/25245/software-developer-intern-%28enterprise-process-management-team%29-%28full-year-2027%29/job,2026-09-06,,Unknown - check listing,Unknown,applyguy_repo,5,Not Applied,,,,,
Touchstone Investments,Software Automation Testing Intern (Full Year 2027),"Cincinnati, OH",https://careers-westernsouthern.icims.com/jobs/25006/software-automation-testing-intern-%28full-year-2027%29/job,2026-09-06,,Unknown - check listing,Unknown,applyguy_repo,5,Not Applied,,,,,
Berkshiregrey,Spring 2027 Software Co-op,"Bedford, MA",https://berkshiregrey.bamboohr.com/careers/763,2026-09-06,,Unknown - check listing,Unknown,applyguy_repo,5,Not Applied,,,,,
CACI,Software Engineering Co-op - Summer & Fall 2027,"Danbury, CT",https://caci.wd1.myworkdayjobs.com/external/job/Danbury-CT-US/Software-Engineering-Co-op---Summer---Fall-2027_331354,2026-09-06,,Unknown - check listing,Unknown,applyguy_repo,5,Not Applied,,,,,
CACI,Software Engineering Intern – Summer 2027,"Sarasota, FL",https://caci.wd1.myworkdayjobs.com/external/job/Sarasota-FL-US/Software-Engineering-Intern---Summer-2027_331359,2026-09-06,,Unknown - check listing,Unknown,applyguy_repo,5,Not Applied,,,,,
CACI,Software Engineering Co-op - Spring & Summer 2027,"Danbury, CT",https://caci.wd1.myworkdayjobs.com/external/job/Danbury-CT-US/Software-Engineering-Co-op---Spring---Summer-2027_331356-1,2026-09-06,,Unknown - check listing,Unknown,applyguy_repo,5,Not Applied,,,,,
Hermeus,Software Engineering Intern (Modeling & Simulation) - Spring/Summer 2027,"Los Angeles, CA",https://jobs.lever.co/hermeus/445db430-6f81-41cf-847a-56a947afb936,2026-09-06,,Unknown - check listing,Unknown,applyguy_repo,5,Not Applied,,,,,
Hermeus,Software Engineering Intern (HIL) - Spring/Summer 2027,"Atlanta, GA",https://jobs.lever.co/hermeus/d87ed913-affc-475e-b721-c5b5f11c3c7b,2026-09-06,,Unknown - check listing,Unknown,applyguy_repo,5,Not Applied,,,,,
K2 Space,Software Engineering Intern – Summer 2027,"Los Angeles, CA",https://job-boards.greenhouse.io/k2spacecorporation/jobs/5411920008,2026-09-06,,Unknown - check listing,Unknown,applyguy_repo,5,Not Applied,,,,,
Oshkoshcorporation,Engineer Intern - Software (Summer 2027),"Dodge Center, MN",https://oshkoshcorporation.wd5.myworkdayjobs.com/oshkosh/job/Dodge-Center-Minnesota-United-States/Engineer-Intern---Software--Summer-2026-_R49786,2026-09-06,,Unknown - check listing,Unknown,applyguy_repo,5,Not Applied,,,,,
Phillipsedison,Information Technology Intern - Software Development (Spring 2027),"Cincinnati, OH",https://phillipsedison.wd503.myworkdayjobs.com/peco/job/Cincinnati/Information-Technology-Intern---Software-Development--Spring-2027-_JR100081,2026-09-06,,Unknown - check listing,Unknown,applyguy_repo,5,Not Applied,,,,,
Phillipsedison,Information Technology Intern - Software Development (Summer 2027),"Cincinnati, OH",https://phillipsedison.wd503.myworkdayjobs.com/peco/job/Cincinnati/Information-Technology-Intern---Software-Development--Summer-2027-_JR100062,2026-09-06,,Unknown - check listing,Unknown,applyguy_repo,5,Not Applied,,,,,
RTX,Software Engineering Intern (Summer 2027),"Aurora, CO",https://globalhr.wd5.myworkdayjobs.com/private_posting_no_tmp/job/US-CO-AURORA-S75--16800-E-Centretech-Pkwy--BLDG-S75/Software-Engineering-Intern--Summer-2027-_01870410,2026-09-06,,Unknown - check listing,Unknown,applyguy_repo,5,Not Applied,,,,,
Stoke Space,Summer 2027 Internship - Software,"Kent, WA",https://job-boards.greenhouse.io/stokespacetechnologies/jobs/6176786004,2026-09-06,,Unknown - check listing,Unknown,applyguy_repo,5,Not Applied,,,,,
Stryker,Summer 2027 Internship - Software Engineering - Florida,"Fort Lauderdale, FL",https://stryker.wd1.myworkdayjobs.com/strykercareers/job/Fort-Lauderdale-Florida/Summer-2027-Internship---Software-Engineering---Florida_R572629-1,2026-09-06,,Unknown - check listing,Unknown,applyguy_repo,5,Not Applied,,,,,
Stryker,Summer 2027 Internship - Software Engineering - Indiana,"Fort Wayne, IN",https://stryker.wd1.myworkdayjobs.com/strykercareers/job/Fort-Wayne-Indiana/Summer-2027-Internship---Software-Engineering---Indiana_R572631,2026-09-06,,Unknown - check listing,Unknown,applyguy_repo,5,Not Applied,,,,,
Stryker,Summer 2027 Internship - Software Engineering - Michigan,"Portage, MI",https://stryker.wd1.myworkdayjobs.com/strykercareers/job/Portage-Michigan/Summer-2027-Internship---Software-Engineering---Michigan_R572632-1,2026-09-06,,Unknown - check listing,Unknown,applyguy_repo,5,Not Applied,,,,,
C 3 Ascend,Software Engineer - Intern (Summer 2027),"Redwood City, CA",https://job-boards.greenhouse.io/c3ascend/jobs/8739036002,2026-09-06,,Unknown - check listing,Unknown,applyguy_repo,5,Not Applied,,,,,
C3 AI,Software Engineer - Intern (Summer 2027),"Redwood City, CA",https://c3.ai/job-description/8739037002?gh_jid=8739037002,2026-09-06,,Unknown - check listing,Unknown,applyguy_repo,5,Not Applied,,,,,
Whatnot,Software Engineer Intern (Summer 2027),"San Francisco, CA",https://jobs.ashbyhq.com/whatnot/928ffdca-b316-40ce-b82b-94b570919bcd,2026-09-06,,Unknown - check listing,Unknown,applyguy_repo,5,Not Applied,,,,,
Disney,"Software Engineering Intern, Spring 2027","Orlando, FL",https://disney.wd5.myworkdayjobs.com/disneycareer/job/Orlando-FL-USA/Software-Engineering-Intern--Spring-2027_10158599,2026-09-06,,Unknown - check listing,Unknown,applyguy_repo,5,Not Applied,,,,,
Northwood Space,Software Engineering Intern (2027 Summer Internship),"Torrance, CA",https://jobs.ashbyhq.com/northwoodspace/ce3d4b73-461e-4128-a6f1-f933897e8119,2026-09-06,,Unknown - check listing,Unknown,applyguy_repo,5,Not Applied,,,,,
Northwood Space,Embedded Software Engineering Intern (2027 Summer Internship),"Torrance, CA",https://jobs.ashbyhq.com/northwoodspace/d0cca9dd-ea90-4c3b-94b4-17761932d11c,2026-09-06,,Unknown - check listing,Unknown,applyguy_repo,5,Not Applied,,,,,
Manulife,Summer Intern 2027 - Software Engineering,"Boston, MA",https://manulife.wd3.myworkdayjobs.com/mfcjh_jobs/job/Boston-Massachusetts/Summer-Intern-2027---Software-Engineering_JR26081680,2026-09-06,,Unknown - check listing,Unknown,applyguy_repo,5,Not Applied,,,,,
Philips,"Co-op – Software Test Automation Engineer – Orange, OH – January 2027","Orange, OH",https://philips.wd3.myworkdayjobs.com/jobs-and-careers/job/Orange-OH-Ohio-United-States/Co-op---Software-Test-Automation-Engineer---Orange--OH---January-2027_581888,2026-09-06,,Unknown - check listing,Unknown,applyguy_repo,5,Not Applied,,,,,
Aoins,Software Developer Internship - Summer 2027,"Lansing, MI",https://aoins.wd5.myworkdayjobs.com/autoowners/job/Lansing-MI/Software-Developer-Internship_R_2121,2026-09-06,,Unknown - check listing,Unknown,applyguy_repo,5,Not Applied,,,,,
RTX,Software Platform Intern (Summer 2027),"Richardson, TX",https://globalhr.wd5.myworkdayjobs.com/rec_rtx_ext_gateway/job/US-TX-RICHARDSON-C27--1727-Cityline-Dr--CITYLINE-C27/Software-Platform-Intern--Summer-2027-_01870211,2026-09-06,,Unknown - check listing,Unknown,applyguy_repo,5,Not Applied,,,,,
RTX,Software Engineering Intern (Summer 2027),"State College, PA",https://globalhr.wd5.myworkdayjobs.com/rec_rtx_ext_gateway/job/US-PA-STATE-COLLEGE-5A--302-Science-Park-Rd--BLDG-5A/Software-Engineer-Intern--Summer-2027-_01868801,2026-09-06,,Unknown - check listing,Unknown,applyguy_repo,5,Not Applied,,,,,
RTX,Software Platform Intern (Summer 2027),"Aurora, CO",https://globalhr.wd5.myworkdayjobs.com/rec_rtx_ext_gateway/job/US-CO-AURORA-S75--16800-E-Centretech-Pkwy--BLDG-S75/Software-Platform-Intern--Summer-2027-_01870216,2026-09-06,,Unknown - check listing,Unknown,applyguy_repo,5,Not Applied,,,,,
RTX,Software Engineer Intern (Summer 2027),"Woburn, MA",https://globalhr.wd5.myworkdayjobs.com/rec_rtx_ext_gateway/job/US-MA-WOBURN-WB1--235-Presidential-Way--SPENCER-BLDG/Software-Engineer-Intern--Summer-2027-_01869890-1,2026-09-06,,Unknown - check listing,Unknown,applyguy_repo,5,Not Applied,,,,,
RTX,Software Engineering Intern (Summer 2027),"Huntsville, AL",https://globalhr.wd5.myworkdayjobs.com/rec_rtx_ext_gateway/job/US-AL-HUNTSVILLE-401--401-Jan-Davis-Dr-NW--JAN-DAVIS-401/Software-Engineering-Intern--Summer-2027-_01870007,2026-09-06,,Unknown - check listing,Unknown,applyguy_repo,5,Not Applied,,,,,
RTX,Software Engineering Intern (Summer 2027),"Richardson, TX",https://globalhr.wd5.myworkdayjobs.com/private_posting_no_tmp/job/US-TX-RICHARDSON-C17--1717-Cityline-Dr--CITYLINE-C17/Software-Engineering-Intern--Summer-2027-_01868869,2026-09-06,,Unknown - check listing,Unknown,applyguy_repo,5,Not Applied,,,,,
TELUS Digital,Software Engineering Intern (US) - Summer 2027,"Charlottesville, VA",https://jobs.ashbyhq.com/telus-digital/32ee6ede-d3cf-4827-b7af-f8d64f2bca11,2026-09-06,,Unknown - check listing,Unknown,applyguy_repo,5,Not Applied,,,,,
Workiva,Summer 2027 Intern - Software Engineering,"Remote, U.S.",https://workiva.wd503.myworkdayjobs.com/careers/job/USA---Remote/Summer-2027-Intern---Software-Engineering_R12190,2026-09-06,,Unknown - check listing,Unknown,applyguy_repo,5,Not Applied,,,,,
CACI,Software Developer/Data Scientist Intern - Summer 2027,Denver CO,https://caci.wd1.myworkdayjobs.com/external/job/Denver-CO-US/Software-Developer-Data-Scientist-Intern---Summer-2027_331120,2026-09-06,,Unknown - check listing,Unknown,applyguy_repo,5,Not Applied,,,,,
Jj,"Software Engineering Co-Op, Spring 2027","Cincinnati, OH",https://jj.wd5.myworkdayjobs.com/JJ/job/Cincinnati-Ohio-United-States-of-America/Software-Engineering-Co-Op--Spring-2027_R-095741,2026-09-06,,Unknown - check listing,Unknown,applyguy_repo,5,Not Applied,,,,,
RTX,Software Engineering Intern (Summer 2027),"Tucson, AZ",https://globalhr.wd5.myworkdayjobs.com/private_posting_no_tmp/job/US-AZ-TUCSON-M10--3360-E-Hemisphere-Loop--BLDG-M10/Software-Engineering-Intern--Summer-2027-_01869473,2026-09-06,,Unknown - check listing,Unknown,applyguy_repo,5,Not Applied,,,,,
Zipline,Embedded Software Engineer Intern (Spring 2027),"South San Francisco, CA",https://www.zipline.com/open-roles?gh_jid=7974890003,2026-09-06,,Unknown - check listing,Unknown,applyguy_repo,5,Not Applied,,,,,
"empirical foods, inc",Software Engineering Intern - Summer 2027,"Dakota Dunes, SD",https://careers-empiricalfoods.icims.com/jobs/4161/software-engineering-intern---summer-2027/job,2026-09-06,,Unknown - check listing,Unknown,applyguy_repo,5,Not Applied,,,,,
Haier,Software Engineering Co-op_Fall 2027,"Ky, Louisville",https://haier.wd3.myworkdayjobs.com/ge_appliances/job/USA-Louisville-KY/Software-Engineering-Co-op-Fall-2027_REQ-26592,2026-09-06,,Unknown - check listing,Unknown,applyguy_repo,5,Not Applied,,,,,
Northrop Grumman,2027 Software Test Engineering Intern- Huntsville AL,"Huntsville, AL",https://ngc.wd1.myworkdayjobs.com/northrop_grumman_external_site/job/United-States-Alabama-Huntsville/XMLNAME-2027-Software-Test-Engineering-Intern--Huntsville-AL_R10247487,2026-09-06,,Unknown - check listing,Unknown,applyguy_repo,5,Not Applied,,,,,
Northrop Grumman,2027 Software Engineering Intern- Huntsville AL,"Huntsville, AL",https://ngc.wd1.myworkdayjobs.com/northrop_grumman_external_site/job/United-States-Alabama-Huntsville/XMLNAME-2027-Software-Engineering-Intern--Huntsville-AL_R10247486,2026-09-06,,Unknown - check listing,Unknown,applyguy_repo,5,Not Applied,,,,,
Plexus,Intern - Software Engineer (Spring 2027),"Neenah, WI",https://plexus.wd504.myworkdayjobs.com/Plexus_Careers/job/Neenah-WI/Intern---Software-Engineer--Spring-2027-_R041060,2026-09-06,,Unknown - check listing,Unknown,applyguy_repo,5,Not Applied,,,,,
RTX,Software Engineering Intern (Summer 2027),"Anaheim, CA",https://globalhr.wd5.myworkdayjobs.com/private_posting_no_tmp/job/US-CA-ANAHEIM-406--160-N-Riverview-Dr--BLDG-406-Ste-150/Software-Engineering-Intern--Summer-2027-_01867697,2026-09-06,,Unknown - check listing,Unknown,applyguy_repo,5,Not Applied,,,,,
RTX,Software Engineering Intern (Summer 2027),"Jupiter, FL",https://globalhr.wd5.myworkdayjobs.com/private_posting_no_tmp/job/US-FL-JUPITER-ADR--17900-Beeline-Hwy--ADR-BLDG/Software-Engineering-Intern--Summer-2027-_01868485,2026-09-06,,Unknown - check listing,Unknown,applyguy_repo,5,Not Applied,,,,,
RTX,Software Engineering Co-op (Summer/Fall 2027) (Onsite),"Cedar Rapids, IA",https://globalhr.wd5.myworkdayjobs.com/private_posting_no_tmp/job/US-IA-CEDAR-RAPIDS-131--5450-C-Ave-NE--BLDG-131/Software-Engineering-Co-op--Summer-Fall-2027---Onsite-_01869518,2026-09-06,,Unknown - check listing,Unknown,applyguy_repo,5,Not Applied,,,,,
Verkada,Mobile Software Engineering Intern 2027,"San Mateo, CA",https://job-boards.greenhouse.io/verkada/jobs/5219131007,2026-09-06,,Unknown - check listing,Unknown,applyguy_repo,5,Not Applied,,,,,
Verkada,Security Software Engineering Intern 2027,"San Mateo, CA",https://job-boards.greenhouse.io/verkada/jobs/5213881007,2026-09-06,,Unknown - check listing,Unknown,applyguy_repo,5,Not Applied,,,,,
Verkada,Frontend Software Engineering Intern 2027,"San Mateo, CA",https://job-boards.greenhouse.io/verkada/jobs/5210942007,2026-09-06,,Unknown - check listing,Unknown,applyguy_repo,5,Not Applied,,,,,
Verkada,Embedded Software Engineering Intern 2027,"San Mateo, CA",https://job-boards.greenhouse.io/verkada/jobs/5211595007,2026-09-06,,Unknown - check listing,Unknown,applyguy_repo,5,Not Applied,,,,,
Verkada,Backend Software Engineering Intern 2027,"San Mateo, CA",https://job-boards.greenhouse.io/verkada/jobs/5210813007,2026-09-06,,Unknown - check listing,Unknown,applyguy_repo,5,Not Applied,,,,,
Zip,Software Engineer Intern (Summer 2027),"San Francisco, CA",https://jobs.ashbyhq.com/zip/249837b3-106f-4751-a4f2-03a2c5df5faf,2026-09-06,,Unknown - check listing,Unknown,applyguy_repo,5,Not Applied,,,,,
Advanced Space,2027 Software Engineering Summer Internship,"Westminster, CO",https://job-boards.greenhouse.io/advancedspace/jobs/4324855009,2026-09-06,,Unknown - check listing,Unknown,applyguy_repo,5,Not Applied,,,,,
Advanced Space,2027 DevOps Summer Internship ,"Westminster, CO",https://job-boards.greenhouse.io/advancedspace/jobs/4333179009,2026-09-06,,Unknown - check listing,Unknown,applyguy_repo,5,Not Applied,,,,,
Disney,"Glendale System Software Engineering Internship, Spring 2027","Glendale, CA",https://disney.wd5.myworkdayjobs.com/disneycareer/job/Glendale-CA-USA/Glendale-System-Software-Engineering-Internship--Spring-2027_10158137,2026-09-06,,Unknown - check listing,Unknown,applyguy_repo,5,Not Applied,,,,,
Dmainc,Software Development Intern - Spring 2027,"Fort Wayne, IN",https://dmainc.wd5.myworkdayjobs.com/dma/job/Fort-Wayne-IN/Software-Development-Intern---Spring-2027_REQ634,2026-09-06,,Unknown - check listing,Unknown,applyguy_repo,5,Not Applied,,,,,
Dmainc,Software Development Intern - Summer 2027,"Fort Wayne, IN",https://dmainc.wd5.myworkdayjobs.com/dma/job/Fort-Wayne-IN/Software-Development-Intern---Summer-2027_REQ636,2026-09-06,,Unknown - check listing,Unknown,applyguy_repo,5,Not Applied,,,,,
Freddiemac,Multifamily Software Development Intern – Summer 2027,"McLean, VA",https://freddiemac.wd5.myworkdayjobs.com/external/job/McLean-VA/Multifamily-Software-Development-Intern---Summer-2027_JR17564,2026-09-06,,Unknown - check listing,Unknown,applyguy_repo,5,Not Applied,,,,,
Freddiemac,Single-Family Software Developer Intern- Summer 2027,"McLean, VA",https://freddiemac.wd5.myworkdayjobs.com/external/job/McLean-VA/Single-Family-Software-Developer-Intern--Summer-2027_JR17544,2026-09-06,,Unknown - check listing,Unknown,applyguy_repo,5,Not Applied,,,,,
Gevernova,GE Vernova GridOS  Software Test Engineer - Intern - Summer 2027,"Atlanta, GA",https://gevernova.wd5.myworkdayjobs.com/only_confidential_executive_recruiting/job/Atlanta/GE-Vernova-GridOS--Software-Test-Engineer---Intern---Summer-2027_R5049907-1,2026-09-06,,Unknown - check listing,Unknown,applyguy_repo,5,Not Applied,,,,,
Philips,"Co-op – Software System Engineering – Plymouth, MN – January 2027","Plymouth, MN",https://philips.wd3.myworkdayjobs.com/jobs-and-careers/job/Plymouth-Minnesota-United-States/Intern-Co-op---Software-System-Engineering---Plymouth--MN---Summer-2027_590406,2026-09-06,,Unknown - check listing,Unknown,applyguy_repo,5,Not Applied,,,,,
Sage,Software Engineering Intern (Edge) – Summer 2027,"New York City, NY",https://job-boards.greenhouse.io/sage49/jobs/6131191004,2026-09-06,,Unknown - check listing,Unknown,applyguy_repo,5,Not Applied,,,,,
Sage,Software Engineering Intern (Full Stack) – Summer 2027,"New York City, NY",https://job-boards.greenhouse.io/sage49/jobs/6131185004,2026-09-06,,Unknown - check listing,Unknown,applyguy_repo,5,Not Applied,,,,,
Gevernova,GE Vernova - Energy Optimization Software Engineer Intern - Summer 2027,"Bellevue, WA",https://gevernova.wd5.myworkdayjobs.com/only_confidential_executive_recruiting/job/Bellevue/GE-Vernova---Energy-Optimization-Software-Engineer-Intern---Summer-2027_R5050022-1,2026-09-06,,Unknown - check listing,Unknown,applyguy_repo,5,Not Applied,,,,,
RTX,Software Engineer Intern (Summer 2027),"Tucson, AZ",https://globalhr.wd5.myworkdayjobs.com/private_posting_no_tmp/job/US-AZ-TUCSON-801--1151-E-Hermans-Rd--BLDG-801-External-Site/Software-Engineer-Intern--Summer-2027-_01867664,2026-09-06,,Unknown - check listing,Unknown,applyguy_repo,5,Not Applied,,,,,
Zipline,Software Engineer Intern (Summer 2027),"South San Francisco, CA",https://www.zipline.com/open-roles/7929236003?gh_jid=7929236003,2026-09-06,,Unknown - check listing,Unknown,applyguy_repo,5,Not Applied,,,,,
Databricks,Software Engineering Intern (2027 Start) - Winter,"Bellevue, WA",https://databricks.com/company/careers/open-positions/job?gh_jid=8732364002,2026-09-06,,Unknown - check listing,Unknown,applyguy_repo,5,Not Applied,,,,,
Dev Technology,React/Node Developer Intern (Summer 2027),"Reston, VA",https://job-boards.greenhouse.io/devtechnology/jobs/8726212002,2026-09-06,,Unknown - check listing,Unknown,applyguy_repo,5,Not Applied,,,,,
Fifththird,Software Engineer Co-Op - Enterprise Finance Applications - Summer 2027,"Cincinnati, OH",https://fifththird.wd5.myworkdayjobs.com/53careers/job/Cincinnati-OH/Software-Engineer-Co-Op---Enterprise-Finance-Applications---Summer-2027_R71588,2026-09-06,,Unknown - check listing,Unknown,applyguy_repo,5,Not Applied,,,,,
RTX,Software Development Intern (Summer 2027),"Tewksbury, MA",https://globalhr.wd5.myworkdayjobs.com/private_posting_no_tmp/job/US-MA-TEWKSBURY-TB3--50-Apple-Hill-Dr--CONCORD-BLDG-Tewksbury-Tb3-300-Concord/Software-Development-Intern--Summer-2027-_01867943,2026-09-06,,Unknown - check listing,Unknown,applyguy_repo,5,Not Applied,,,,,
Zipline,Software Engineer Intern (Spring 2027),"South San Francisco, CA",https://www.zipline.com/open-roles/7907191003?gh_jid=7907191003,2026-09-06,,Unknown - check listing,Unknown,applyguy_repo,5,Not Applied,,,,,
Zipline,Software Systems Validation Intern (Spring 2027),"South San Francisco, CA",https://www.zipline.com/open-roles/7893955003?gh_jid=7893955003,2026-09-06,,Unknown - check listing,Unknown,applyguy_repo,5,Not Applied,,,,,
Zipline,Software Systems Validation Intern (Summer 2027),"South San Francisco, CA",https://www.zipline.com/open-roles/7894335003?gh_jid=7894335003,2026-09-06,,Unknown - check listing,Unknown,applyguy_repo,5,Not Applied,,,,,
General Matter,Summer 2027 Internship - Software Engineering,"Los Angeles, CA",https://job-boards.greenhouse.io/generalmatter/jobs/5377118008,2026-09-06,,Unknown - check listing,Unknown,applyguy_repo,5,Not Applied,,,,,
METECS,Summer Software Internship,"Houston, TX",https://metecs.applytojob.com/apply/XTBhKHIVhQ,2026-09-06,,Unknown - check listing,Unknown,applyguy_repo,5,Not Applied,,,,,
RTX,Software Engineering Intern (Summer 2027),"Sterling, VA",https://globalhr.wd5.myworkdayjobs.com/private_posting_no_tmp/job/US-VA-STERLING-291--22640-Davis-Dr--DAVIS/Software-Engineering-Intern--Summer-2027-_01864691,2026-09-06,,Unknown - check listing,Unknown,applyguy_repo,5,Not Applied,,,,,
Conagrabrands,Software Development Internship - Summer 2027,"Omaha, NE",https://conagrabrands.wd1.myworkdayjobs.com/careers_us/job/Omaha-Nebraska/Software-Development-Internship---Summer-2027_Req-039787,2026-09-06,,Unknown - check listing,Unknown,applyguy_repo,5,Not Applied,,,,,
Draper,Full Stack Web Development Co-Op (Spring 2027),"Cambridge, MA",https://draper.wd5.myworkdayjobs.com/draper_careers/job/Cambridge-MA/Full-Stack-Web-Development-Co-Op--Spring-2027-_JR002832-1,2026-09-06,,Unknown - check listing,Unknown,applyguy_repo,5,Not Applied,,,,,
Five Rings,LINK 2027: Software Development Intensive Program — Intern,"New York City, NY",https://job-boards.greenhouse.io/fiveringsllc/jobs/5394515008,2026-09-06,,Unknown - check listing,Unknown,applyguy_repo,5,Not Applied,,,,,
Pimco,"2027 Summer Intern - Technology Analyst, Software Engineering","Austin, TX",https://pimco.wd1.myworkdayjobs.com/pimco-careers/job/Austin-TX-USA/XMLNAME-2027-Summer-Intern---Technology-Analyst--Software-Engineering_R106745,2026-09-06,,Unknown - check listing,Unknown,applyguy_repo,5,Not Applied,,,,,
RTX,Software Engineering Intern (Summer 2027),"Marlborough, MA",https://globalhr.wd5.myworkdayjobs.com/private_posting_no_tmp/job/US-MA-MARLBOROUGH-MA3--1001-Boston-Post-Rd--BLDG-3/Software-Engineering-Intern--Summer-2027-_01867814,2026-09-06,,Unknown - check listing,Unknown,applyguy_repo,5,Not Applied,,,,,
RTX,Software Engineering Intern (Summer 2027),"Westford, MA",https://globalhr.wd5.myworkdayjobs.com/private_posting_no_tmp/job/US-MA-WESTFORD-WFD7--7-Technology-Park-Dr--BLDG-7/Software-Engineering-Intern--Summer-2027-_01867678,2026-09-06,,Unknown - check listing,Unknown,applyguy_repo,5,Not Applied,,,,,
RTX,2027 Software Engineering Intern (Onsite),"Cambridge, MA",https://globalhr.wd5.myworkdayjobs.com/private_posting_no_tmp/job/US-MA-CAMBRIDGE-BBN01--10--50-Moulton-St--MOULTON-B2/XMLNAME-2027-Software-Engineering-Intern--Onsite-_01864698,2026-09-06,,Unknown - check listing,Unknown,applyguy_repo,5,Not Applied,,,,,
RTX,2027 Software Engineer Intern (Onsite),"Cambridge, MA",https://globalhr.wd5.myworkdayjobs.com/private_posting_no_tmp/job/US-MA-CAMBRIDGE-BBN01--10--50-Moulton-St--MOULTON-B2/XMLNAME-2027-Software-Engineer-Intern--Onsite-_01866914,2026-09-06,,Unknown - check listing,Unknown,applyguy_repo,5,Not Applied,,,,,
Zipline,Enterprise Systems Software Engineer Intern (Spring 2027),"South San Francisco, CA",https://www.zipline.com/open-roles/7893926003?gh_jid=7893926003,2026-09-06,,Unknown - check listing,Unknown,applyguy_repo,5,Not Applied,,,,,
Zipline,Enterprise Systems Software Engineer Intern (Summer 2027),"South San Francisco, CA",https://www.zipline.com/open-roles/7886501003?gh_jid=7886501003,2026-09-06,,Unknown - check listing,Unknown,applyguy_repo,5,Not Applied,,,,,
Zipline,Long Range Platform Embedded Firmware Intern (Summer 2027),"South San Francisco, CA",https://www.zipline.com/open-roles/7891459003?gh_jid=7891459003,2026-09-06,,Unknown - check listing,Unknown,applyguy_repo,5,Not Applied,,,,,
Geaerospace,Engines Engineering Co-op – Computer or Software Engineering – US – Fall 2027,"Evendale, OH",https://geaerospace.wd5.myworkdayjobs.com/ge_externalsite/job/Evendale/Engines-Engineering-Co-op---Computer-or-Software-Engineering---US---Fall-2027_R5029637-1,2026-09-06,,Unknown - check listing,Unknown,applyguy_repo,5,Not Applied,,,,,
Geaerospace,Engines Engineering Intern – Computer or Software Engineering – US – Summer 2027,"Evendale, OH",https://geaerospace.wd5.myworkdayjobs.com/ge_externalsite/job/Evendale/Engines-Engineering-Intern---Computer-or-Software-Engineering---US---Summer-2027_R5029622-1,2026-09-06,,Unknown - check listing,Unknown,applyguy_repo,5,Not Applied,,,,,
Geaerospace,Engines Engineering Co-op – Computer or Software Engineering – US – Spring 2027,"Evendale, OH",https://geaerospace.wd5.myworkdayjobs.com/ge_externalsite/job/Evendale/Engines-Engineering-Co-op---Computer-or-Software-Engineering---US---Spring-2027_R5029619,2026-09-06,,Unknown - check listing,Unknown,applyguy_repo,5,Not Applied,,,,,
RTX,Software Engineering Intern (Spring 2027),"Melbourne, FL",https://globalhr.wd5.myworkdayjobs.com/private_posting_no_tmp/job/US-FL-MELBOURNE-313--1344-S-Babcock-St--BLDG-313/Software-Engineering-Intern--Spring-2027-_01864146,2026-09-06,,Unknown - check listing,Unknown,applyguy_repo,5,Not Applied,,,,,
RTX,Software Engineering Intern (Summer 2027),"Indianapolis, IN",https://globalhr.wd5.myworkdayjobs.com/private_posting_no_tmp/job/US-IN-INDIANAPOLIS-206--3939-Priority-Way-S-Dr--PRIORITY-BLDG-6/Software-Engineering-Intern--Summer-2027-_01867067,2026-09-06,,Unknown - check listing,Unknown,applyguy_repo,5,Not Applied,,,,,
RTX,Software Engineering Intern (Summer 2027),"Fullerton, CA",https://globalhr.wd5.myworkdayjobs.com/private_posting_no_tmp/job/US-CA-FULLERTON-676--1801-Hughes-Dr--BLDG-676/Software-Engineering-Intern--Summer-2027-_01867439,2026-09-06,,Unknown - check listing,Unknown,applyguy_repo,5,Not Applied,,,,,
RTX,Software Engineering Intern (Summer 2027),"West Valley City, UT",https://globalhr.wd5.myworkdayjobs.com/private_posting_no_tmp/job/US-UT-WEST-VALLEY-CITY-338--1127--1128-w-2400-S--BLDG-338/Software-Engineering-Intern--Summer-2027-_01865952,2026-09-06,,Unknown - check listing,Unknown,applyguy_repo,5,Not Applied,,,,,
RTX,Software Engineering Intern (Summer 2027),"El Segundo, CA",https://globalhr.wd5.myworkdayjobs.com/private_posting_no_tmp/job/US-CA-EL-SEGUNDO-E04--2006-E-El-Segundo-Blvd--BLDG-E04/Software-Engineering-Intern--Summer-2027-_01866619,2026-09-06,,Unknown - check listing,Unknown,applyguy_repo,5,Not Applied,,,,,
RTX,Software Engineering Intern (Summer 2027),"Burnsville, MN",https://globalhr.wd5.myworkdayjobs.com/private_posting_no_tmp/job/US-MN-BURNSVILLE-NORTH--2900-County-Rd-42-W--NORTH-BLDG/Software-Engineering-Intern--Summer-2027-_01866681,2026-09-06,,Unknown - check listing,Unknown,applyguy_repo,5,Not Applied,,,,,
RTX,Software Engineering Intern (Summer 2027),"East Hartford, CT",https://globalhr.wd5.myworkdayjobs.com/private_posting_no_tmp/job/US-CT-EAST-HARTFORD-ETC--400-Main-St--BLDG-ETC/Software-Engineering-Intern--Summer-2027-_01865808,2026-09-06,,Unknown - check listing,Unknown,applyguy_repo,5,Not Applied,,,,,
Composio,"Fullstack Engineering Internship, Product Team (Fall 2026 & Winter 2027)","San Francisco, CA",https://jobs.ashbyhq.com/composio/eea3c0be-8589-4e3d-a684-de29a9eada0d,2026-09-06,,Unknown - check listing,Unknown,applyguy_repo,5,Not Applied,,,,,
RTX,Software Engineering Intern (Summer 2027),"San Jose, CA",https://globalhr.wd5.myworkdayjobs.com/private_posting_no_tmp/job/US-CA-SAN-JOSE-826--200-Holger-Way--BLDG-826/Software-Engineering-Intern--Summer-2027-_01867392,2026-09-06,,Unknown - check listing,Unknown,applyguy_repo,5,Not Applied,,,,,
The Voleon Group,Software Engineer Intern - (Summer 2027),"Berkeley, CA",https://jobs.ashbyhq.com/voleon/57f1b666-2f4b-4bad-aac0-fa42a1c8fdf6,2026-09-06,,Unknown - check listing,Unknown,applyguy_repo,5,Not Applied,,,,,
Flir,NHRC Software Engineering Internship (Summer 2027),"Huntsville, AL",https://flir.wd1.myworkdayjobs.com/flircareers/job/US---Huntsville-AL/NHRC-Software-Engineering-Internship--Summer-2027-_REQ36194-2,2026-09-06,,Unknown - check listing,Unknown,applyguy_repo,5,Not Applied,,,,,
Gevernova,Engineering Intern - Power Conversion & Storage AI Tool Developer  2027,"Niskayuna, NY",https://gevernova.wd5.myworkdayjobs.com/only_confidential_executive_recruiting/job/Niskayuna/Engineering-Intern---Power-Conversion---Storage-AI-Tool-Developer--2027_R5049957-1,2026-09-06,,Unknown - check listing,Unknown,applyguy_repo,5,Not Applied,,,,,
RTX,Software Intern (Summer 2027),"Annapolis, MD",https://globalhr.wd5.myworkdayjobs.com/private_posting_no_tmp/job/US-MD-ANNAPOLIS-906--2551-Riva-Rd--BLDG-906/Software-Intern--Summer-2027-_01864370,2026-09-06,,Unknown - check listing,Unknown,applyguy_repo,5,Not Applied,,,,,
RTX,Software Engineering Intern (Summer 2027),"Tewksbury, MA",https://globalhr.wd5.myworkdayjobs.com/private_posting_no_tmp/job/US-MA-TEWKSBURY-TB3--50-Apple-Hill-Dr--CONCORD-BLDG-Tewksbury-Tb3-300-Concord/Software-Engineering-Intern--Summer-2027-_01866838,2026-09-06,,Unknown - check listing,Unknown,applyguy_repo,5,Not Applied,,,,,
Northrop Grumman,2027 Intern Software Engineer,"Melbourne, FL",https://ngc.wd1.myworkdayjobs.com/northrop_grumman_external_site/job/United-States-Florida-Melbourne/XMLNAME-2027-Intern-Software-Engineer_R10245255,2026-09-06,,Unknown - check listing,Unknown,applyguy_repo,5,Not Applied,,,,,
RTX,Summer 2027  Software Intern_OnSite,"Huntsville, AL",https://globalhr.wd5.myworkdayjobs.com/private_posting_no_tmp/job/US-AL-HUNTSVILLE-382--420-Jan-Davis-Dr--DAVIS-382/Summer-2027--Software-Intern-OnSite_01865160,2026-09-06,,Unknown - check listing,Unknown,applyguy_repo,5,Not Applied,,,,,
Spaceworksgo,Aerospace Software Sales Intern - Spring 2027,"Atlanta, GA",https://spaceworksgo.bamboohr.com/careers/158,2026-09-06,,Unknown - check listing,Unknown,applyguy_repo,5,Not Applied,,,,,
Rockwellautomation,"Spring 2027 Co-op, Embedded Software Engineer (January 2027 - August 2027)","Mayfield Heights, OH",https://rockwellautomation.wd1.myworkdayjobs.com/external_rockwell_automation/job/Mayfield-Heights-Ohio-United-States/Spring-2027-Co-op--Embedded-Software-Engineer--January-2027---August-2027-_R26-3473-1,2026-09-06,,Unknown - check listing,Unknown,applyguy_repo,5,Not Applied,,,,,
RTX,Software Engineering Intern (2027),"Burnsville, MN",https://globalhr.wd5.myworkdayjobs.com/private_posting_no_tmp/job/US-MN-BURNSVILLE-WEST--14300-Judicial-Rd--WEST-BLDG/Software-Engineering-Intern--2027-_01865474,2026-09-06,,Unknown - check listing,Unknown,applyguy_repo,5,Not Applied,,,,,
RTX,Software Engineering Intern (Summer 2027),"Woburn, MA",https://globalhr.wd5.myworkdayjobs.com/private_posting_no_tmp/job/US-MA-WOBURN-WB1--235-Presidential-Way--SPENCER-BLDG/Software-Engineering-Intern--Summer-2027-_01864764,2026-09-06,,Unknown - check listing,Unknown,applyguy_repo,5,Not Applied,,,,,
RTX,Software Engineer Intern (Summer 2027),"Largo, FL",https://globalhr.wd5.myworkdayjobs.com/private_posting_no_tmp/job/US-FL-LARGO-382SR--7887-Bryan-Dairy-Rd--BLDG-600/Software-Engineer-Intern--Summer-2027-_01864811-1,2026-09-06,,Unknown - check listing,Unknown,applyguy_repo,5,Not Applied,,,,,
Axon,2027 US Software Engineering Internship ,"Seattle, WA",https://job-boards.greenhouse.io/axontalentcommunity/jobs/7837133003,2026-09-06,,Unknown - check listing,Unknown,applyguy_repo,5,Not Applied,,,,,
Axon,2027 US Firmware Engineering Internship,"Seattle, WA",https://job-boards.greenhouse.io/axontalentcommunity/jobs/7837246003,2026-09-06,,Unknown - check listing,Unknown,applyguy_repo,5,Not Applied,,,,,
The Nuclear Company,Summer 2027 Software Engineering Intern,"Washington, DC",https://job-boards.greenhouse.io/thenuclearcompany/jobs/5383236008,2026-09-06,,Unknown - check listing,Unknown,applyguy_repo,5,Not Applied,,,,,
The Nuclear Company,Spring 2027 Software Engineering Intern,"Washington, DC",https://job-boards.greenhouse.io/thenuclearcompany/jobs/5383171008,2026-09-06,,Unknown - check listing,Unknown,applyguy_repo,5,Not Applied,,,,,
Varda Space Industries,Site Reliability Internship - Spring 2027,"El Segundo, CA",https://job-boards.greenhouse.io/vardaspace/jobs/7824814003,2026-09-06,,Unknown - check listing,Unknown,applyguy_repo,5,Not Applied,,,,,
Varda Space Industries,Flight Software Internship - Spring 2027,"El Segundo, CA",https://job-boards.greenhouse.io/vardaspace/jobs/7824815003,2026-09-06,,Unknown - check listing,Unknown,applyguy_repo,5,Not Applied,,,,,
