Company,Title,Country,City,Region Tier,Category,Employment Type,Duration,Expected Start,Expected End,Application Status,Application Deadline,Link,Source,External ID,Date Posted,Last Verified,Undergrad Eligible,Foreign University Eligible,International Eligible,Work Auth Required,Visa Sponsorship,Local Language Required,English Environment,Visa Category,Visa Explanation,Visa Route,Visa Evidence,Paid,Compensation,Currency,Housing,Relocation,Match Score,Score Breakdown,Why It Fits,Barriers,Bucket,Status,Notes,Date Applied,Interview Date,Offer Status,Follow-up Date
Jump Trading,Campus ML Research Engineer (Intern),United Kingdom,London,1,Machine Learning / AI,Internship,,2027-05,2027-08,Open (cycle unconfirmed),,https://www.jumptrading.com/hr/job?gh_jid=7977145,greenhouse:jumptrading,7977145,2026-07-13,2026-09-08,Unclear,Unclear,Yes,No,Yes,No,Yes,A,offers visa or work-permit support,Government Authorised Exchange (Tier 5 / GAE) covers student internships,ERNATIONAL STUDENTS are encouraged to apply. We sponsor work visas for full-time positions.</p>,Not publicly disclosed,,,Unclear,Unclear,94,role 25; visa 25; pay 10; company 15; eligibility 10; location 9,Machine Learning / AI role in United Kingdom; employer states international support,compensation not publicly disclosed; not confirmed as a Summer 2027 posting,🔥 Apply Immediately,Not Applied,,,,,
Jump Trading,Campus Software Engineer (Intern),United Kingdom,London,1,Software Engineering,Internship,,2027-05,2027-08,Open (cycle unconfirmed),,https://www.jumptrading.com/hr/job?gh_jid=7975026,greenhouse:jumptrading,7975026,2026-07-13,2026-09-08,Unclear,Unclear,Yes,No,Yes,No,Yes,A,explicitly welcomes international applicants,Government Authorised Exchange (Tier 5 / GAE) covers student internships,"59738&quot;:0,&quot;335559739&quot;:0}&quot;>INTERNATIONAL STUDENTS are encouraged to apply.</span></p>",Not publicly disclosed,,,Unclear,Unclear,94,role 25; visa 25; pay 10; company 15; eligibility 10; location 9,Software Engineering role in United Kingdom; employer states international support,compensation not publicly disclosed; not confirmed as a Summer 2027 posting,🔥 Apply Immediately,Not Applied,,,,,
Jump Trading,Campus UI Software Engineer (Intern),United Kingdom,London,1,Software Engineering,Internship,,2027-05,2027-08,Open (cycle unconfirmed),,https://www.jumptrading.com/hr/job?gh_jid=7974943,greenhouse:jumptrading,7974943,2026-07-13,2026-09-08,Unclear,Unclear,Yes,No,Yes,No,Yes,A,explicitly welcomes international applicants,Government Authorised Exchange (Tier 5 / GAE) covers student internships,"59738&quot;:0,&quot;335559739&quot;:0}&quot;>INTERNATIONAL STUDENTS are encouraged to apply.&nbsp;</span></p>",Not publicly disclosed,,,Unclear,Unclear,94,role 25; visa 25; pay 10; company 15; eligibility 10; location 9,Software Engineering role in United Kingdom; employer states international support,compensation not publicly disclosed; not confirmed as a Summer 2027 posting,🔥 Apply Immediately,Not Applied,,,,,
Jump Trading,Campus ML Research Engineer (Full-Time),United Kingdom,London,1,Machine Learning / AI,Internship,,2027-05,2027-08,Closed,,https://www.jumptrading.com/hr/job?gh_jid=7977132,greenhouse:jumptrading,7977132,2026-07-13,2026-09-06,Unclear,Unclear,Yes,No,Yes,No,Yes,A,offers visa or work-permit support,Government Authorised Exchange (Tier 5 / GAE) covers student internships,ERNATIONAL STUDENTS are encouraged to apply. We sponsor work visas for full-time positions.</p> <p>Benefits in,Not publicly disclosed,,,Unclear,Unclear,94,role 25; visa 25; pay 10; company 15; eligibility 10; location 9,Machine Learning / AI role in United Kingdom; employer states international support,compensation not publicly disclosed; not confirmed as a Summer 2027 posting,🔥 Apply Immediately,Closed,No longer listed on the company board,,,,
Jump Trading,Campus Data Engineer (Intern),United Kingdom,London,1,Data Engineering,Internship,,2027-05,2027-08,Open (cycle unconfirmed),,https://www.jumptrading.com/hr/job?gh_jid=7975008,greenhouse:jumptrading,7975008,2026-07-13,2026-09-08,Unclear,Unclear,Yes,No,Yes,No,Yes,A,explicitly welcomes international applicants,Government Authorised Exchange (Tier 5 / GAE) covers student internships,/ul> <p><span data-contrast=&quot;auto&quot;>INTERNATIONAL STUDENTS are encouraged to apply.&nbsp;</span>&nbsp;</p>,Not publicly disclosed,,,Unclear,Unclear,91,role 22; visa 25; pay 10; company 15; eligibility 10; location 9,Data Engineering role in United Kingdom; employer states international support,compensation not publicly disclosed; not confirmed as a Summer 2027 posting,🔥 Apply Immediately,Not Applied,,,,,
Jump Trading,Campus AI/ML Researcher (Intern),Hong Kong,,3,Machine Learning / AI,Internship,,2027-05,2027-08,Open (cycle unconfirmed),,https://www.jumptrading.com/hr/job?gh_jid=8027938,greenhouse:jumptrading,8027938,2026-08-24,2026-09-08,Unclear,Unclear,Yes,No,Yes,Unclear,Unclear,A,explicitly welcomes international applicants,,"family: helvetica, arial, sans-serif;&quot;>*INTERNATIONAL STUDENTS are encouraged to apply.&nbsp;</span></em><br><span style=&",Not publicly disclosed,,,Unclear,Unclear,88,role 25; visa 25; pay 10; company 15; eligibility 10; location 3,Machine Learning / AI role in Hong Kong; employer states international support,compensation not publicly disclosed; English working environment unconfirmed; not confirmed as a Summer 2027 posting,🔥 Apply Immediately,Not Applied,,,,,
Jump Trading,"Campus AI Researcher, PhD/Postdoc (Intern)",United Kingdom,London,1,Machine Learning / AI,Internship,,2027-05,2027-08,Open (cycle unconfirmed),,https://www.jumptrading.com/hr/job?gh_jid=7976964,greenhouse:jumptrading,7976964,2026-07-13,2026-09-08,No,Unclear,Yes,No,Yes,No,Yes,A,explicitly welcomes international applicants,Government Authorised Exchange (Tier 5 / GAE) covers student internships,"tooling, and/or infrastructure</li> </ul> <p>INTERNATIONAL STUDENTS are encouraged to apply.&nbsp;</p>",Not publicly disclosed,,,Unclear,Unclear,86,role 25; visa 25; pay 10; company 15; eligibility 2; location 9,Machine Learning / AI role in United Kingdom; employer states international support,compensation not publicly disclosed; appears to target PhD candidates; not confirmed as a Summer 2027 posting,🔥 Apply Immediately,Not Applied,,,,,
Jump Trading,"Campus AI Researcher, PhD/Postdoc (Full-Time)",United Kingdom,London,1,Machine Learning / AI,Internship,,2027-05,2027-08,Closed,,https://www.jumptrading.com/hr/job?gh_jid=7976923,greenhouse:jumptrading,7976923,2026-07-13,2026-09-06,No,Unclear,Yes,No,Yes,No,Yes,A,explicitly welcomes international applicants,Government Authorised Exchange (Tier 5 / GAE) covers student internships,"tooling, and/or infrastructure</li> </ul> <p>INTERNATIONAL STUDENTS are encouraged to apply.</p> <hr> <p>Benefits include:</p>",Not publicly disclosed,,,Unclear,Unclear,86,role 25; visa 25; pay 10; company 15; eligibility 2; location 9,Machine Learning / AI role in United Kingdom; employer states international support,compensation not publicly disclosed; appears to target PhD candidates; not confirmed as a Summer 2027 posting,🔥 Apply Immediately,Closed,No longer listed on the company board,,,,
Jump Trading,Campus ASIC Engineer (Intern),United Kingdom,Bristol,1,Hardware / Embedded,Internship,,2027-05,2027-08,Open (cycle unconfirmed),,https://www.jumptrading.com/hr/job?gh_jid=7974837,greenhouse:jumptrading,7974837,2026-07-13,2026-09-08,Yes,Unclear,Yes,No,Yes,No,Yes,A,explicitly welcomes international applicants,Government Authorised Exchange (Tier 5 / GAE) covers student internships,div> <p><span data-contrast=&quot;auto&quot;>INTERNATIONAL STUDENTS are encouraged to apply.&nbsp;</span> <span data-ccp-props=,Not publicly disclosed,,,Unclear,Unclear,85,role 16; visa 25; pay 10; company 15; eligibility 10; location 9,Hardware / Embedded role in United Kingdom; employer states international support,compensation not publicly disclosed; not confirmed as a Summer 2027 posting,🔥 Apply Immediately,Not Applied,,,,,
Jump Trading,Campus FPGA Engineer (Intern),United Kingdom,London,1,Hardware / Embedded,Internship,,2027-05,2027-08,Open (cycle unconfirmed),,https://www.jumptrading.com/hr/job?gh_jid=7974391,greenhouse:jumptrading,7974391,2026-07-13,2026-09-08,Yes,Unclear,Yes,No,Yes,No,Yes,A,explicitly welcomes international applicants,Government Authorised Exchange (Tier 5 / GAE) covers student internships,div> <p><span data-contrast=&quot;auto&quot;>INTERNATIONAL STUDENTS are encouraged to apply.</span></p> </div> </div> <p>&nbsp;,Not publicly disclosed,,,Unclear,Unclear,85,role 16; visa 25; pay 10; company 15; eligibility 10; location 9,Hardware / Embedded role in United Kingdom; employer states international support,compensation not publicly disclosed; not confirmed as a Summer 2027 posting,🔥 Apply Immediately,Not Applied,,,,,
The Exploration Company,GNC Software Intern,Germany,Munich,2,Software Engineering,Intern,,2027-05,2027-08,Open (cycle unconfirmed),,https://jobs.ashbyhq.com/the-exploration-company/88861ad4-8273-4e58-a4fe-ad3957cac3e2,ashby:the-exploration-company,88861ad4-8273-4e58-a4fe-ad3957cac3e2,2026-08-13,2026-09-08,Unclear,Unclear,Yes,No,Yes,Unclear,Unclear,A,offers relocation support,Internship visa for students enrolled abroad; recognised for degree-relevant placements,"n, age, marital status or disability status. Relocation assistance is provided for those willing to relocate in",Not publicly disclosed,,,Unclear,Yes,84,role 25; visa 25; pay 10; company 7; eligibility 10; location 7,Software Engineering role in Germany; employer states international support,compensation not publicly disclosed; English working environment unconfirmed; not confirmed as a Summer 2027 posting,🔥 Apply Immediately,Not Applied,,,,,
Schonfeld,Quantitative Research / Developer - Intern,Hong Kong,,3,Quantitative Technology,Internship,6 months,2027-05,2027-08,Open (cycle unconfirmed),,https://job-boards.greenhouse.io/schonfeld/jobs/7185553,greenhouse:schonfeld,7185553,2025-08-22,2026-09-08,Unclear,Unclear,Yes,No,Yes,Unclear,Unclear,A,offers relocation support,,.</li> <li>Willing to be based in Hong Kong (relocation support provided if needed).&nbsp;</li> </ul> <p>&nb,Not publicly disclosed,,,Unclear,Yes,76,role 21; visa 25; pay 10; company 7; eligibility 10; location 3,Quantitative Technology role in Hong Kong; employer states international support,compensation not publicly disclosed; English working environment unconfirmed; not confirmed as a Summer 2027 posting,🔥 Apply Immediately,Not Applied,,,,,
GE Vernova,Services Operations Analytics Intern,China,Shanghai,3,Data Science,Full time,6 Months,2027-05,2027-08,Closed,,https://gevernova.wd5.myworkdayjobs.com/only_confidential_executive_recruiting/job/Shanghai/Services-Operations-Analytics-Intern_R5051502-3,workday:gevernova,R5051502,,2026-09-07,Unclear,Unclear,Yes,No,Yes,Unclear,Unclear,A,offers relocation support,,期 • 精通英语&#xff0c;听说读写。 Additional Information Relocation Assistance Provided: No,Not publicly disclosed,,,Unclear,Yes,71,role 20; visa 25; pay 10; company 7; eligibility 6; location 3,Data Science role in China; employer states international support,compensation not publicly disclosed; English working environment unconfirmed; not confirmed as a Summer 2027 posting,🔥 Apply Immediately,Closed,No longer listed on the company board,,,,
IMC,Machine Learning Research Intern - Summer 2027 - Sydney,Australia,Sydney,1,Machine Learning / AI,Internship,10-12 weeks,2027-05,2027-08,Open,,https://job-boards.eu.greenhouse.io/imc/jobs/4956547101,greenhouse:imc,4956547101,2026-08-24,2026-09-08,Unclear,Unclear,Unclear,Unclear,Unclear,No,Yes,B,no work-authorization statement found; eligibility must be confirmed,Subclass 407 Training visa for occupational training,,Yes,,,Yes,Unclear,89,role 25; visa 14; pay 15; company 15; eligibility 10; location 10,Machine Learning / AI role in Australia; visa route exists (Subclass 407 Training visa for occupational training); paid; explicitly Summer 2027,work authorization unstated - confirm before investing time,👀 Investigate Further,Not Applied,,,,,
IMC,Software Engineer Intern,Netherlands,Amsterdam,2,Software Engineering,Internship,,2027-05,2027-08,Open (cycle unconfirmed),,https://job-boards.eu.greenhouse.io/imc/jobs/4667854101,greenhouse:imc,4667854101,2026-05-07,2026-09-08,Unclear,Unclear,Unclear,Unclear,Unclear,Unclear,Unclear,B,no work-authorization statement found; eligibility must be confirmed,Intern residence permit sponsored by a recognised employer,,Yes,,,Yes,Unclear,87,role 25; visa 14; pay 15; company 15; eligibility 10; location 8,Software Engineering role in Netherlands; visa route exists (Intern residence permit sponsored by a recognised employer); paid,work authorization unstated - confirm before investing time; English working environment unconfirmed; not confirmed as a Summer 2027 posting,👀 Investigate Further,Not Applied,,,,,
Jump Trading,Campus C++ Software Engineer (Intern),Singapore,,1,Software Engineering,Internship,,2027-05,2027-08,Open (cycle unconfirmed),,https://www.jumptrading.com/hr/job?gh_jid=8027946,greenhouse:jumptrading,8027946,2026-08-03,2026-09-08,Unclear,Unclear,Unclear,Unclear,Unclear,No,Yes,B,no work-authorization statement found; eligibility must be confirmed,Training Employment Pass or Work Holiday Pass,,Not publicly disclosed,,,Unclear,Unclear,84,role 25; visa 14; pay 10; company 15; eligibility 10; location 10,Software Engineering role in Singapore; visa route exists (Training Employment Pass or Work Holiday Pass),work authorization unstated - confirm before investing time; compensation not publicly disclosed; not confirmed as a Summer 2027 posting,👀 Investigate Further,Not Applied,,,,,
Jump Trading,Campus Python Software Engineer (Intern),Singapore,,1,Software Engineering,Internship,,2027-05,2027-08,Open (cycle unconfirmed),,https://www.jumptrading.com/hr/job?gh_jid=8027955,greenhouse:jumptrading,8027955,2026-08-03,2026-09-08,Unclear,Unclear,Unclear,Unclear,Unclear,No,Yes,B,no work-authorization statement found; eligibility must be confirmed,Training Employment Pass or Work Holiday Pass,,Not publicly disclosed,,,Unclear,Unclear,84,role 25; visa 14; pay 10; company 15; eligibility 10; location 10,Software Engineering role in Singapore; visa route exists (Training Employment Pass or Work Holiday Pass),work authorization unstated - confirm before investing time; compensation not publicly disclosed; not confirmed as a Summer 2027 posting,👀 Investigate Further,Not Applied,,,,,
PIMCO,"2027 Summer Intern - Technology Analyst, Software Engineering, EMEA",United Kingdom,London,1,Software Engineering,Full time,10 weeks,2027-05,2027-08,Open,,https://pimco.wd1.myworkdayjobs.com/pimco-careers/job/London-GBR/XMLNAME-2027-Summer-Intern---Technology-Analyst--Software-Engineering--EMEA_R106800,workday:pimco,R106800,,2026-09-08,Yes,Unclear,Unclear,Unclear,Unclear,No,Yes,B,no work-authorization statement found; eligibility must be confirmed,Government Authorised Exchange (Tier 5 / GAE) covers student internships,,Yes,,,Yes,Yes,84,role 25; visa 14; pay 15; company 15; eligibility 6; location 9,Software Engineering role in United Kingdom; visa route exists (Government Authorised Exchange (Tier 5 / GAE) covers student internships); paid; explicitly Summer 2027,work authorization unstated - confirm before investing time,👀 Investigate Further,Not Applied,,,,,
Squarepoint Capital,Intern Software Developer - Singapore - 2027,Singapore,,1,Software Engineering,Internship,12 weeks,2027-05,2027-08,Open,,https://www.squarepoint-capital.com/open-opportunities?id=6201998&gh_jid=6201998,greenhouse:squarepointcapital,6201998,2024-08-28,2026-09-08,Unclear,Unclear,Unclear,Unclear,Unclear,No,Yes,B,no work-authorization statement found; eligibility must be confirmed,Training Employment Pass or Work Holiday Pass,,Not publicly disclosed,,,Unclear,Unclear,84,role 25; visa 14; pay 10; company 15; eligibility 10; location 10,Software Engineering role in Singapore; visa route exists (Training Employment Pass or Work Holiday Pass); explicitly Summer 2027,work authorization unstated - confirm before investing time; compensation not publicly disclosed,👀 Investigate Further,Not Applied,,,,,
Stripe,"Software Engineer, Intern",Singapore,,1,Software Engineering,Internship,,2027-05,2027-08,Open (cycle unconfirmed),,https://stripe.com/jobs/search?gh_jid=8130883,greenhouse:stripe,8130883,2026-09-07,2026-09-08,Unclear,Unclear,Unclear,Unclear,Unclear,No,Yes,B,no work-authorization statement found; eligibility must be confirmed,Training Employment Pass or Work Holiday Pass,,Not publicly disclosed,,,Unclear,Unclear,84,role 25; visa 14; pay 10; company 15; eligibility 10; location 10,Software Engineering role in Singapore; visa route exists (Training Employment Pass or Work Holiday Pass),work authorization unstated - confirm before investing time; compensation not publicly disclosed; not confirmed as a Summer 2027 posting,👀 Investigate Further,Not Applied,,,,,
Cohere,Software Engineer Intern (Winter 2027),Canada,,1,Software Engineering,Intern,3-6 months,2027-05,2027-08,Open,,https://jobs.ashbyhq.com/cohere/8c035d3d-081d-4c8a-914a-72f4efaad254,ashby:cohere,8c035d3d-081d-4c8a-914a-72f4efaad254,2026-05-01,2026-09-08,Unclear,Unclear,Unclear,Unclear,Unclear,No,Yes,B,no work-authorization statement found; eligibility must be confirmed,Co-op / internship work permit; often needs the placement to be degree-required,,Yes,,,Yes,Unclear,83,role 25; visa 14; pay 15; company 11; eligibility 10; location 8,Software Engineering role in Canada; visa route exists (Co-op / internship work permit); paid; explicitly Summer 2027,work authorization unstated - confirm before investing time,👀 Investigate Further,Not Applied,,,,,
Cohere,Machine Learning Intern/Co-op  (Winter 2027),Canada,,1,Machine Learning / AI,Intern,3-6 months,2027-05,2027-08,Open,,https://jobs.ashbyhq.com/cohere/36d1f52f-8270-4652-adf5-5303a0ff341b,ashby:cohere,36d1f52f-8270-4652-adf5-5303a0ff341b,2026-05-13,2026-09-08,Unclear,Unclear,Unclear,Unclear,Unclear,No,Yes,B,no work-authorization statement found; eligibility must be confirmed,Co-op / internship work permit; often needs the placement to be degree-required,,Yes,,,Yes,Unclear,83,role 25; visa 14; pay 15; company 11; eligibility 10; location 8,Machine Learning / AI role in Canada; visa route exists (Co-op / internship work permit); paid; explicitly Summer 2027,work authorization unstated - confirm before investing time,👀 Investigate Further,Not Applied,,,,,
Squarepoint Capital,Intern Software Developer - London - 2027,United Kingdom,London,1,Software Engineering,Internship,12 weeks,2027-05,2027-08,Open,,https://www.squarepoint-capital.com/open-opportunities?id=7231006&gh_jid=7231006,greenhouse:squarepointcapital,7231006,2025-09-05,2026-09-08,Unclear,Unclear,Unclear,Unclear,Unclear,No,Yes,B,no work-authorization statement found; eligibility must be confirmed,Government Authorised Exchange (Tier 5 / GAE) covers student internships,,Not publicly disclosed,,,Unclear,Unclear,83,role 25; visa 14; pay 10; company 15; eligibility 10; location 9,Software Engineering role in United Kingdom; visa route exists (Government Authorised Exchange (Tier 5 / GAE) covers student internships); explicitly Summer 2027,work authorization unstated - confirm before investing time; compensation not publicly disclosed,👀 Investigate Further,Not Applied,,,,,
Stripe,"Software Engineer, Intern",United Kingdom,London,1,Software Engineering,Internship,,2027-05,2027-08,Open (cycle unconfirmed),,https://stripe.com/jobs/search?gh_jid=8130867,greenhouse:stripe,8130867,2026-08-31,2026-09-08,Unclear,Unclear,Unclear,Unclear,Unclear,No,Yes,B,no work-authorization statement found; eligibility must be confirmed,Government Authorised Exchange (Tier 5 / GAE) covers student internships,,Not publicly disclosed,,,Unclear,Unclear,83,role 25; visa 14; pay 10; company 15; eligibility 10; location 9,Software Engineering role in United Kingdom; visa route exists (Government Authorised Exchange (Tier 5 / GAE) covers student internships),work authorization unstated - confirm before investing time; compensation not publicly disclosed; not confirmed as a Summer 2027 posting,👀 Investigate Further,Not Applied,,,,,
Stripe,"Software Engineer, Intern (Summer or Winter)",Ireland,Dublin,1,Software Engineering,Internship,,2027-05,2027-08,Open (cycle unconfirmed),,https://stripe.com/jobs/search?gh_jid=8097801,greenhouse:stripe,8097801,2026-08-17,2026-09-08,Unclear,Unclear,Unclear,Unclear,Unclear,No,Yes,B,no work-authorization statement found; eligibility must be confirmed,Atypical Working Scheme covers short internships for non-EEA students,,Not publicly disclosed,,,Unclear,Unclear,83,role 25; visa 14; pay 10; company 15; eligibility 10; location 9,Software Engineering role in Ireland; visa route exists (Atypical Working Scheme covers short internships for non-EEA students),work authorization unstated - confirm before investing time; compensation not publicly disclosed; not confirmed as a Summer 2027 posting,👀 Investigate Further,Not Applied,,,,,
IMC,"C++ Software Engineer, Early Careers",Netherlands,Amsterdam,2,Software Engineering,Internship,,2027-05,2027-08,Open (cycle unconfirmed),,https://job-boards.eu.greenhouse.io/imc/jobs/4945420101,greenhouse:imc,4945420101,2026-08-05,2026-09-08,Unclear,Unclear,Unclear,Unclear,Unclear,Unclear,Unclear,B,no work-authorization statement found; eligibility must be confirmed,Intern residence permit sponsored by a recognised employer,,Not publicly disclosed,,,Unclear,Unclear,82,role 25; visa 14; pay 10; company 15; eligibility 10; location 8,Software Engineering role in Netherlands; visa route exists (Intern residence permit sponsored by a recognised employer),work authorization unstated - confirm before investing time; compensation not publicly disclosed; English working environment unconfirmed; not confirmed as a Summer 2027 posting,👀 Investigate Further,Not Applied,,,,,
Squarepoint Capital,Intern Software Developer - Montreal - 2027,Canada,Montreal,1,Software Engineering,Internship,12 weeks,2027-05,2027-08,Open,,https://www.squarepoint-capital.com/open-opportunities?id=7905463&gh_jid=7905463,greenhouse:squarepointcapital,7905463,2026-05-07,2026-09-08,Unclear,Unclear,Unclear,Unclear,Unclear,No,Yes,B,no work-authorization statement found; eligibility must be confirmed,Co-op / internship work permit; often needs the placement to be degree-required,,Not publicly disclosed,,,Unclear,Unclear,82,role 25; visa 14; pay 10; company 15; eligibility 10; location 8,Software Engineering role in Canada; visa route exists (Co-op / internship work permit); explicitly Summer 2027,work authorization unstated - confirm before investing time; compensation not publicly disclosed,👀 Investigate Further,Not Applied,,,,,
Stripe,"Software Engineer, Intern (Summer or Winter)",Canada,Toronto,1,Software Engineering,Internship,,2027-05,2027-08,Open (cycle unconfirmed),,https://stripe.com/jobs/search?gh_jid=8130805,greenhouse:stripe,8130805,2026-08-31,2026-09-08,Unclear,Unclear,Unclear,Unclear,Unclear,No,Yes,B,no work-authorization statement found; eligibility must be confirmed,Co-op / internship work permit; often needs the placement to be degree-required,,Not publicly disclosed,,,Unclear,Unclear,82,role 25; visa 14; pay 10; company 15; eligibility 10; location 8,Software Engineering role in Canada; visa route exists (Co-op / internship work permit),work authorization unstated - confirm before investing time; compensation not publicly disclosed; not confirmed as a Summer 2027 posting,👀 Investigate Further,Not Applied,,,,,
Jump Trading,Campus Systems Engineer (Intern),Singapore,,1,Cloud / DevOps / Infrastructure,Internship,,2027-05,2027-08,Open (cycle unconfirmed),,https://www.jumptrading.com/hr/job?gh_jid=8027952,greenhouse:jumptrading,8027952,2026-08-03,2026-09-08,Unclear,Unclear,Unclear,Unclear,Unclear,No,Yes,B,no work-authorization statement found; eligibility must be confirmed,Training Employment Pass or Work Holiday Pass,,Not publicly disclosed,,,Unclear,Unclear,81,role 22; visa 14; pay 10; company 15; eligibility 10; location 10,Cloud / DevOps / Infrastructure role in Singapore; visa route exists (Training Employment Pass or Work Holiday Pass),work authorization unstated - confirm before investing time; compensation not publicly disclosed; not confirmed as a Summer 2027 posting,👀 Investigate Further,Not Applied,,,,,
Tower Research Capital,Quantitative Developer Intern,Singapore,,1,Quantitative Technology,Internship,,2027-05,2027-08,Open (cycle unconfirmed),,https://www.tower-research.com/open-positions/?gh_jid=8138524,greenhouse:towerresearchcapital,8138524,2026-08-18,2026-09-08,Unclear,Unclear,Unclear,Unclear,Unclear,No,Yes,B,no work-authorization statement found; eligibility must be confirmed,Training Employment Pass or Work Holiday Pass,,Yes,,,Unclear,Unclear,81,role 21; visa 14; pay 15; company 11; eligibility 10; location 10,Quantitative Technology role in Singapore; visa route exists (Training Employment Pass or Work Holiday Pass); paid,work authorization unstated - confirm before investing time; not confirmed as a Summer 2027 posting,👀 Investigate Further,Not Applied,,,,,
Jump Trading,Campus Quantitative Researcher (Intern),Singapore,,1,Quantitative Technology,Internship,,2027-05,2027-08,Open (cycle unconfirmed),,https://www.jumptrading.com/hr/job?gh_jid=8027939,greenhouse:jumptrading,8027939,2026-08-03,2026-09-08,Yes,Unclear,Unclear,Unclear,Unclear,No,Yes,B,no work-authorization statement found; eligibility must be confirmed,Training Employment Pass or Work Holiday Pass,,Not publicly disclosed,,,Unclear,Unclear,80,role 21; visa 14; pay 10; company 15; eligibility 10; location 10,Quantitative Technology role in Singapore; visa route exists (Training Employment Pass or Work Holiday Pass),work authorization unstated - confirm before investing time; compensation not publicly disclosed; not confirmed as a Summer 2027 posting,👀 Investigate Further,Not Applied,,,,,
Jump Trading,Campus Systems Engineer (Full-Time),United Kingdom,London,1,Cloud / DevOps / Infrastructure,Internship,,2027-05,2027-08,Closed,,https://www.jumptrading.com/hr/job?gh_jid=7215943,greenhouse:jumptrading,7215943,2025-09-26,2026-09-06,Unclear,Unclear,Unclear,Unclear,Unclear,No,Yes,B,no work-authorization statement found; eligibility must be confirmed,Government Authorised Exchange (Tier 5 / GAE) covers student internships,,Not publicly disclosed,,,Unclear,Unclear,80,role 22; visa 14; pay 10; company 15; eligibility 10; location 9,Cloud / DevOps / Infrastructure role in United Kingdom; visa route exists (Government Authorised Exchange (Tier 5 / GAE) covers student internships),work authorization unstated - confirm before investing time; compensation not publicly disclosed; not confirmed as a Summer 2027 posting,👀 Investigate Further,Closed,No longer listed on the company board,,,,
Internship List,"Hardware Developer Intern (Summer/May 2027, 12 Months)",Canada,Oakville,1,Software Engineering,Internship,,2027-05,2027-08,Open,,https://job-boards.greenhouse.io/internshiplist2000/jobs/5380567008,greenhouse:internshiplist2000,5380567008,2026-09-02,2026-09-08,Unclear,Unclear,Unclear,Unclear,Unclear,No,Yes,B,no work-authorization statement found; eligibility must be confirmed,Co-op / internship work permit; often needs the placement to be degree-required,,Yes,,,Yes,Unclear,79,role 25; visa 14; pay 15; company 7; eligibility 10; location 8,Software Engineering role in Canada; visa route exists (Co-op / internship work permit); paid; explicitly Summer 2027,work authorization unstated - confirm before investing time,👀 Investigate Further,Not Applied,,,,,
Internship List,"Software Developer Intern, Geotab Vitality (Winter/January 2027, 4 Months)",Canada,Oakville,1,Software Engineering,Internship,4 months,2027-05,2027-08,Open,,https://job-boards.greenhouse.io/internshiplist2000/jobs/5376578008,greenhouse:internshiplist2000,5376578008,2026-09-03,2026-09-08,Unclear,Unclear,Unclear,Unclear,Unclear,No,Yes,B,no work-authorization statement found; eligibility must be confirmed,Co-op / internship work permit; often needs the placement to be degree-required,,Yes,,,Yes,Unclear,79,role 25; visa 14; pay 15; company 7; eligibility 10; location 8,Software Engineering role in Canada; visa route exists (Co-op / internship work permit); paid; explicitly Summer 2027,work authorization unstated - confirm before investing time,👀 Investigate Further,Not Applied,,,,,
Internship List,"Software Developer Intern, MyAdmin (Winter/January 2027, 8+ Months)",Canada,Oakville,1,Software Engineering,Internship,8-12 months,2027-05,2027-08,Open,,https://job-boards.greenhouse.io/internshiplist2000/jobs/5361630008,greenhouse:internshiplist2000,5361630008,2026-09-02,2026-09-08,Unclear,Unclear,Unclear,Unclear,Unclear,No,Yes,B,no work-authorization statement found; eligibility must be confirmed,Co-op / internship work permit; often needs the placement to be degree-required,,Yes,,,Yes,Unclear,79,role 25; visa 14; pay 15; company 7; eligibility 10; location 8,Software Engineering role in Canada; visa route exists (Co-op / internship work permit); paid; explicitly Summer 2027,work authorization unstated - confirm before investing time,👀 Investigate Further,Not Applied,,,,,
Internship List,"Software Developer Intern, MyGeotab (Winter/January 2027, 4-8 Months)",Canada,Oakville,1,Software Engineering,Internship,4-8 months,2027-05,2027-08,Open,,https://job-boards.greenhouse.io/internshiplist2000/jobs/5383412008,greenhouse:internshiplist2000,5383412008,2026-09-04,2026-09-08,Unclear,Unclear,Unclear,Unclear,Unclear,No,Yes,B,no work-authorization statement found; eligibility must be confirmed,Co-op / internship work permit; often needs the placement to be degree-required,,Yes,,,Yes,Unclear,79,role 25; visa 14; pay 15; company 7; eligibility 10; location 8,Software Engineering role in Canada; visa route exists (Co-op / internship work permit); paid; explicitly Summer 2027,work authorization unstated - confirm before investing time,👀 Investigate Further,Not Applied,,,,,
Internship List,"Software Developer Intern (Winter/January 2027, 12 Months)",Canada,Oakville,1,Software Engineering,Internship,8-12 months,2027-05,2027-08,Open,,https://job-boards.greenhouse.io/internshiplist2000/jobs/5389341008,greenhouse:internshiplist2000,5389341008,2026-09-02,2026-09-08,Unclear,Unclear,Unclear,Unclear,Unclear,No,Yes,B,no work-authorization statement found; eligibility must be confirmed,Co-op / internship work permit; often needs the placement to be degree-required,,Yes,,,Yes,Unclear,79,role 25; visa 14; pay 15; company 7; eligibility 10; location 8,Software Engineering role in Canada; visa route exists (Co-op / internship work permit); paid; explicitly Summer 2027,work authorization unstated - confirm before investing time,👀 Investigate Further,Not Applied,,,,,
Internship List,"Software Developer Intern (Winter/January 2027, 8 Months)",Canada,Oakville,1,Software Engineering,Internship,8-12 months,2027-05,2027-08,Open,,https://job-boards.greenhouse.io/internshiplist2000/jobs/5350915008,greenhouse:internshiplist2000,5350915008,2026-09-02,2026-09-08,Unclear,Unclear,Unclear,Unclear,Unclear,No,Yes,B,no work-authorization statement found; eligibility must be confirmed,Co-op / internship work permit; often needs the placement to be degree-required,,Yes,,,Yes,Unclear,79,role 25; visa 14; pay 15; company 7; eligibility 10; location 8,Software Engineering role in Canada; visa route exists (Co-op / internship work permit); paid; explicitly Summer 2027,work authorization unstated - confirm before investing time,👀 Investigate Further,Not Applied,,,,,
Jump Trading,Campus Systems Engineer (Intern),Netherlands,London,2,Cloud / DevOps / Infrastructure,Internship,,2027-05,2027-08,Open (cycle unconfirmed),,https://www.jumptrading.com/hr/job?gh_jid=8000323,greenhouse:jumptrading,8000323,2026-07-13,2026-09-08,Unclear,Unclear,Unclear,Unclear,Unclear,Unclear,Unclear,B,no work-authorization statement found; eligibility must be confirmed,Intern residence permit sponsored by a recognised employer,,Not publicly disclosed,,,Unclear,Unclear,79,role 22; visa 14; pay 10; company 15; eligibility 10; location 8,Cloud / DevOps / Infrastructure role in Netherlands; visa route exists (Intern residence permit sponsored by a recognised employer),work authorization unstated - confirm before investing time; compensation not publicly disclosed; English working environment unconfirmed; not confirmed as a Summer 2027 posting,👀 Investigate Further,Not Applied,,,,,
Jump Trading,Campus Systems Engineer (Full-Time),Netherlands,Amsterdam,2,Cloud / DevOps / Infrastructure,Internship,,2027-05,2027-08,Closed,,https://www.jumptrading.com/hr/job?gh_jid=8008306,greenhouse:jumptrading,8008306,2026-07-13,2026-09-06,Unclear,Unclear,Unclear,Unclear,Unclear,Unclear,Unclear,B,no work-authorization statement found; eligibility must be confirmed,Intern residence permit sponsored by a recognised employer,,Not publicly disclosed,,,Unclear,Unclear,79,role 22; visa 14; pay 10; company 15; eligibility 10; location 8,Cloud / DevOps / Infrastructure role in Netherlands; visa route exists (Intern residence permit sponsored by a recognised employer),work authorization unstated - confirm before investing time; compensation not publicly disclosed; English working environment unconfirmed; not confirmed as a Summer 2027 posting,👀 Investigate Further,Closed,No longer listed on the company board,,,,
PIMCO,"2027 Summer Intern - Client Solutions & Analytics Quantitative Research Analyst (MFE), London",United Kingdom,London,1,Data Science,Full time,,2027-05,2027-08,Open,,https://pimco.wd1.myworkdayjobs.com/pimco-careers/job/London-GBR/XMLNAME-2027-Summer-Intern---Client-Solutions---Analytics-Strategist--London--MBA-_R106804,workday:pimco,R106804,,2026-09-08,Unclear,Unclear,Unclear,Unclear,Unclear,No,Yes,B,no work-authorization statement found; eligibility must be confirmed,Government Authorised Exchange (Tier 5 / GAE) covers student internships,,Yes,,,Yes,Yes,79,role 20; visa 14; pay 15; company 15; eligibility 6; location 9,Data Science role in United Kingdom; visa route exists (Government Authorised Exchange (Tier 5 / GAE) covers student internships); paid; explicitly Summer 2027,work authorization unstated - confirm before investing time,👀 Investigate Further,Not Applied,,,,,
Rivian and Volkswagen Group Technologies,"Software Engineering Intern - Applications, Infotainment & Mobile (January - August 2027)",Canada,Vancouver,1,Software Engineering,Intern,,2027-05,2027-08,Open,,https://jobs.ashbyhq.com/rivianvw.tech/bc8e38eb-b68c-4234-a06a-99875df7d600,ashby:rivianvw.tech,bc8e38eb-b68c-4234-a06a-99875df7d600,2026-09-04,2026-09-08,Unclear,Unclear,Unclear,Unclear,Unclear,No,Yes,B,no work-authorization statement found; eligibility must be confirmed,Co-op / internship work permit; often needs the placement to be degree-required,,Yes,,,Yes,Unclear,79,role 25; visa 14; pay 15; company 7; eligibility 10; location 8,Software Engineering role in Canada; visa route exists (Co-op / internship work permit); paid; explicitly Summer 2027,work authorization unstated - confirm before investing time,👀 Investigate Further,Not Applied,,,,,
IMC,Hardware Engineer Intern,Netherlands,Amsterdam,2,Hardware / Embedded,Internship,,2027-05,2027-08,Open (cycle unconfirmed),,https://job-boards.eu.greenhouse.io/imc/jobs/4927149101,greenhouse:imc,4927149101,2026-07-31,2026-09-08,Unclear,Unclear,Unclear,Unclear,Unclear,Unclear,Unclear,B,no work-authorization statement found; eligibility must be confirmed,Intern residence permit sponsored by a recognised employer,,Yes,,,Yes,Unclear,78,role 16; visa 14; pay 15; company 15; eligibility 10; location 8,Hardware / Embedded role in Netherlands; visa route exists (Intern residence permit sponsored by a recognised employer); paid,work authorization unstated - confirm before investing time; English working environment unconfirmed; not confirmed as a Summer 2027 posting,👀 Investigate Further,Not Applied,,,,,
Jump Trading,Campus Quantitative Researcher (Intern),Netherlands,London,2,Quantitative Technology,Internship,,2027-05,2027-08,Open (cycle unconfirmed),,https://www.jumptrading.com/hr/job?gh_jid=8010307,greenhouse:jumptrading,8010307,2026-07-13,2026-09-08,Yes,Unclear,Unclear,Unclear,Unclear,Unclear,Unclear,B,no work-authorization statement found; eligibility must be confirmed,Intern residence permit sponsored by a recognised employer,,Not publicly disclosed,,,Unclear,Unclear,78,role 21; visa 14; pay 10; company 15; eligibility 10; location 8,Quantitative Technology role in Netherlands; visa route exists (Intern residence permit sponsored by a recognised employer),work authorization unstated - confirm before investing time; compensation not publicly disclosed; English working environment unconfirmed; not confirmed as a Summer 2027 posting,👀 Investigate Further,Not Applied,,,,,
Jump Trading,Campus Quantitative Researcher (Full-Time),Netherlands,London,2,Quantitative Technology,Internship,,2027-05,2027-08,Closed,,https://www.jumptrading.com/hr/job?gh_jid=8050796,greenhouse:jumptrading,8050796,2026-07-13,2026-09-06,Yes,Unclear,Unclear,Unclear,Unclear,Unclear,Unclear,B,no work-authorization statement found; eligibility must be confirmed,Intern residence permit sponsored by a recognised employer,,Not publicly disclosed,,,Unclear,Unclear,78,role 21; visa 14; pay 10; company 15; eligibility 10; location 8,Quantitative Technology role in Netherlands; visa route exists (Intern residence permit sponsored by a recognised employer),work authorization unstated - confirm before investing time; compensation not publicly disclosed; English working environment unconfirmed; not confirmed as a Summer 2027 posting,👀 Investigate Further,Closed,No longer listed on the company board,,,,
Rivian and Volkswagen Group Technologies,Software Integration Engineering Intern (Fall-Spring),Germany,Berlin,2,Software Engineering,Intern,,2027-05,2027-08,Open,,https://jobs.ashbyhq.com/rivianvw.tech/986b68e0-9702-4828-9462-6adbe2984f1a,ashby:rivianvw.tech,986b68e0-9702-4828-9462-6adbe2984f1a,2026-06-04,2026-09-08,Unclear,Unclear,Unclear,Unclear,Unclear,Unclear,Unclear,B,no work-authorization statement found; eligibility must be confirmed,Internship visa for students enrolled abroad; recognised for degree-relevant placements,,Yes,,,Yes,Unclear,78,role 25; visa 14; pay 15; company 7; eligibility 10; location 7,Software Engineering role in Germany; visa route exists (Internship visa for students enrolled abroad); paid; explicitly Summer 2027,work authorization unstated - confirm before investing time; English working environment unconfirmed,👀 Investigate Further,Not Applied,,,,,
IMC,Software Engineer Intern 2027,Hong Kong,,3,Software Engineering,Internship,,2027-05,2027-08,Open,,https://job-boards.eu.greenhouse.io/imc/jobs/4941206101,greenhouse:imc,4941206101,2026-08-12,2026-09-08,Unclear,Unclear,Unclear,Unclear,Unclear,Unclear,Unclear,B,no work-authorization statement found; eligibility must be confirmed,,,Not publicly disclosed,,,Unclear,Unclear,77,role 25; visa 14; pay 10; company 15; eligibility 10; location 3,Software Engineering role in Hong Kong; explicitly Summer 2027,work authorization unstated - confirm before investing time; compensation not publicly disclosed; English working environment unconfirmed,👀 Investigate Further,Not Applied,,,,,
Jump Trading,Campus C++ Software Engineer (Intern),China,Shanghai,3,Software Engineering,Internship,,2027-05,2027-08,Open (cycle unconfirmed),,https://www.jumptrading.com/hr/job?gh_jid=8027860,greenhouse:jumptrading,8027860,2026-09-03,2026-09-08,Unclear,Unclear,Unclear,Unclear,Unclear,Unclear,Unclear,B,no work-authorization statement found; eligibility must be confirmed,,,Not publicly disclosed,,,Unclear,Unclear,77,role 25; visa 14; pay 10; company 15; eligibility 10; location 3,Software Engineering role in China,work authorization unstated - confirm before investing time; compensation not publicly disclosed; English working environment unconfirmed; not confirmed as a Summer 2027 posting,👀 Investigate Further,Not Applied,,,,,
Jump Trading,Campus Python Software Engineer (Intern),China,Shanghai,3,Software Engineering,Internship,,2027-05,2027-08,Open (cycle unconfirmed),,https://www.jumptrading.com/hr/job?gh_jid=8027923,greenhouse:jumptrading,8027923,2026-09-03,2026-09-08,Unclear,Unclear,Unclear,Unclear,Unclear,Unclear,Unclear,B,no work-authorization statement found; eligibility must be confirmed,,,Not publicly disclosed,,,Unclear,Unclear,77,role 25; visa 14; pay 10; company 15; eligibility 10; location 3,Software Engineering role in China,work authorization unstated - confirm before investing time; compensation not publicly disclosed; English working environment unconfirmed; not confirmed as a Summer 2027 posting,👀 Investigate Further,Not Applied,,,,,
Jump Trading,Campus Trading Team Software Engineer  (Intern),Hong Kong,,3,Software Engineering,Internship,,2027-05,2027-08,Closed,,https://www.jumptrading.com/hr/job?gh_jid=7565728,greenhouse:jumptrading,7565728,2026-02-05,2026-09-06,Unclear,Unclear,Unclear,Unclear,Unclear,Unclear,Unclear,B,no work-authorization statement found; eligibility must be confirmed,,,Not publicly disclosed,,,Unclear,Unclear,77,role 25; visa 14; pay 10; company 15; eligibility 10; location 3,Software Engineering role in Hong Kong; explicitly Summer 2027,work authorization unstated - confirm before investing time; compensation not publicly disclosed; English working environment unconfirmed,👀 Investigate Further,Closed,No longer listed on the company board,,,,
Stripe,"Software Engineer, Intern",India,Bengaluru,3,Software Engineering,Internship,,2027-05,2027-08,Open (cycle unconfirmed),,https://stripe.com/jobs/search?gh_jid=8031833,greenhouse:stripe,8031833,2026-07-10,2026-09-08,Unclear,Unclear,Unclear,Unclear,Unclear,Unclear,Unclear,B,no work-authorization statement found; eligibility must be confirmed,Home country - no visa needed,,Not publicly disclosed,,,Unclear,Unclear,77,role 25; visa 14; pay 10; company 15; eligibility 10; location 3,Software Engineering role in India; visa route exists (Home country - no visa needed),work authorization unstated - confirm before investing time; compensation not publicly disclosed; English working environment unconfirmed; not confirmed as a Summer 2027 posting,👀 Investigate Further,Not Applied,,,,,
Internship List,"Vehicle Systems Engineering Intern (Winter/January 2027, 4- 8 Months)",Canada,Waterloo,1,Cloud / DevOps / Infrastructure,Internship,4-8 months,2027-05,2027-08,Open,,https://job-boards.greenhouse.io/internshiplist2000/jobs/5381043008,greenhouse:internshiplist2000,5381043008,2026-09-01,2026-09-08,Unclear,Unclear,Unclear,Unclear,Unclear,No,Yes,B,no work-authorization statement found; eligibility must be confirmed,Co-op / internship work permit; often needs the placement to be degree-required,,Yes,,,Yes,Unclear,76,role 22; visa 14; pay 15; company 7; eligibility 10; location 8,Cloud / DevOps / Infrastructure role in Canada; visa route exists (Co-op / internship work permit); paid; explicitly Summer 2027,work authorization unstated - confirm before investing time,👀 Investigate Further,Not Applied,,,,,
Tower Research Capital,"Quantitative Researcher Intern, Bachelor's or Master's",Singapore,,1,Quantitative Technology,Internship,,2027-05,2027-08,Open (cycle unconfirmed),,https://www.tower-research.com/open-positions/?gh_jid=8168750,greenhouse:towerresearchcapital,8168750,2026-09-01,2026-09-08,Unclear,Unclear,Unclear,Unclear,Unclear,No,Yes,B,no work-authorization statement found; eligibility must be confirmed,Training Employment Pass or Work Holiday Pass,,Yes,,,Unclear,Unclear,76,role 21; visa 14; pay 15; company 11; eligibility 5; location 10,Quantitative Technology role in Singapore; visa route exists (Training Employment Pass or Work Holiday Pass); paid,work authorization unstated - confirm before investing time; may target masters students; not confirmed as a Summer 2027 posting,👀 Investigate Further,Not Applied,,,,,
Virtu Financial,2027 Internship – Software Engineer ,Singapore,,1,Software Engineering,Internship,10 weeks,2027-05,2027-08,Open,,https://job-boards.greenhouse.io/virtu/jobs/5513756002,greenhouse:virtu,5513756002,2021-08-31,2026-09-08,Unclear,Unclear,Unclear,Unclear,Unclear,No,Yes,B,no work-authorization statement found; eligibility must be confirmed,Training Employment Pass or Work Holiday Pass,,Not publicly disclosed,,,Unclear,Unclear,76,role 25; visa 14; pay 10; company 7; eligibility 10; location 10,Software Engineering role in Singapore; visa route exists (Training Employment Pass or Work Holiday Pass); explicitly Summer 2027,work authorization unstated - confirm before investing time; compensation not publicly disclosed,👀 Investigate Further,Not Applied,,,,,
Brunswick,Software Engineering Intern,Netherlands,Amsterdam,2,Software Engineering,Full time,,2027-05,2027-08,Open (cycle unconfirmed),,https://brunswick.wd1.myworkdayjobs.com/search/job/Amsterdam-Netherlands/Software-Engineering-Intern_JR-051328,workday:brunswick,JR-051328,,2026-09-08,Unclear,Unclear,Unclear,Unclear,Unclear,Unclear,Unclear,B,no work-authorization statement found; eligibility must be confirmed,Intern residence permit sponsored by a recognised employer,,Yes,,,Yes,Unclear,75,role 25; visa 14; pay 15; company 7; eligibility 6; location 8,Software Engineering role in Netherlands; visa route exists (Intern residence permit sponsored by a recognised employer); paid,work authorization unstated - confirm before investing time; English working environment unconfirmed; not confirmed as a Summer 2027 posting,👀 Investigate Further,Not Applied,,,,,
Brunswick,Electrical Engineering Intern,Netherlands,Amsterdam,2,Software Engineering,Full time,,2027-05,2027-08,Open (cycle unconfirmed),,https://brunswick.wd1.myworkdayjobs.com/search/job/Amsterdam-Netherlands/Electrical-Engineering-Intern_JR-051326,workday:brunswick,JR-051326,,2026-09-08,Unclear,Unclear,Unclear,Unclear,Unclear,Unclear,Unclear,B,no work-authorization statement found; eligibility must be confirmed,Intern residence permit sponsored by a recognised employer,,Yes,,,Yes,Unclear,75,role 25; visa 14; pay 15; company 7; eligibility 6; location 8,Software Engineering role in Netherlands; visa route exists (Intern residence permit sponsored by a recognised employer); paid,work authorization unstated - confirm before investing time; English working environment unconfirmed; not confirmed as a Summer 2027 posting,👀 Investigate Further,Not Applied,,,,,
DV Trading,Software Engineer Intern - Summer 2027 (DV Commodities),United Kingdom,London,1,Software Engineering,Internship,,2027-05,2027-08,Open,,https://job-boards.greenhouse.io/dvtrading/jobs/4719125005,greenhouse:dvtrading,4719125005,2026-08-10,2026-09-08,Unclear,Unclear,Unclear,Unclear,Unclear,No,Yes,B,no work-authorization statement found; eligibility must be confirmed,Government Authorised Exchange (Tier 5 / GAE) covers student internships,,Not publicly disclosed,,,Unclear,Unclear,75,role 25; visa 14; pay 10; company 7; eligibility 10; location 9,Software Engineering role in United Kingdom; visa route exists (Government Authorised Exchange (Tier 5 / GAE) covers student internships); explicitly Summer 2027,work authorization unstated - confirm before investing time; compensation not publicly disclosed,👀 Investigate Further,Not Applied,,,,,
Manulife,Summer Intern 2027 - AI,Canada,Toronto,1,Machine Learning / AI,Full time,,2027-05,2027-08,Open,,https://manulife.wd3.myworkdayjobs.com/mfcjh_jobs/job/Toronto-Ontario/Summer-Intern-2027---AI_JR26081688,workday:manulife,JR26081688,,2026-09-08,Yes,Unclear,Unclear,Unclear,Unclear,No,Yes,B,no work-authorization statement found; eligibility must be confirmed,Co-op / internship work permit; often needs the placement to be degree-required,,Yes,,,Yes,Unclear,75,role 25; visa 14; pay 15; company 7; eligibility 6; location 8,Machine Learning / AI role in Canada; visa route exists (Co-op / internship work permit); paid; explicitly Summer 2027,work authorization unstated - confirm before investing time,👀 Investigate Further,Not Applied,,,,,
Manulife,Summer Intern 2027 - Software Engineering,Canada,Toronto,1,Software Engineering,Full time,,2027-05,2027-08,Open,,https://manulife.wd3.myworkdayjobs.com/mfcjh_jobs/job/Toronto-Ontario/Summer-Intern-2027---Software-Engineering_JR26081684,workday:manulife,JR26081684,,2026-09-08,Yes,Unclear,Unclear,Unclear,Unclear,No,Yes,B,no work-authorization statement found; eligibility must be confirmed,Co-op / internship work permit; often needs the placement to be degree-required,,Yes,,,Yes,Unclear,75,role 25; visa 14; pay 15; company 7; eligibility 6; location 8,Software Engineering role in Canada; visa route exists (Co-op / internship work permit); paid; explicitly Summer 2027,work authorization unstated - confirm before investing time,👀 Investigate Further,Not Applied,,,,,
Manulife,Summer Intern 2027 - Software Engineering,Canada,Waterloo,1,Software Engineering,Full time,,2027-05,2027-08,Open,,https://manulife.wd3.myworkdayjobs.com/mfcjh_jobs/job/Waterloo-Ontario/Summer-Intern-2027---Software-Engineering_JR26081686,workday:manulife,JR26081686,,2026-09-08,Yes,Unclear,Unclear,Unclear,Unclear,No,Yes,B,no work-authorization statement found; eligibility must be confirmed,Co-op / internship work permit; often needs the placement to be degree-required,,Yes,,,Yes,Unclear,75,role 25; visa 14; pay 15; company 7; eligibility 6; location 8,Software Engineering role in Canada; visa route exists (Co-op / internship work permit); paid; explicitly Summer 2027,work authorization unstated - confirm before investing time,👀 Investigate Further,Not Applied,,,,,
Perplexity,Internship - Search Machine Learning Engineer,United Kingdom,London,1,Machine Learning / AI,FullTime,12-24 weeks,2027-05,2027-08,Open (cycle unconfirmed),,https://jobs.ashbyhq.com/perplexity/71168628-1998-47d3-87a9-be7bc56a430d,ashby:perplexity,71168628-1998-47d3-87a9-be7bc56a430d,2026-04-08,2026-09-08,Unclear,Unclear,Unclear,Unclear,Unclear,No,Yes,B,no work-authorization statement found; eligibility must be confirmed,Government Authorised Exchange (Tier 5 / GAE) covers student internships,,Not publicly disclosed,,,Unclear,Unclear,75,role 25; visa 14; pay 10; company 11; eligibility 6; location 9,Machine Learning / AI role in United Kingdom; visa route exists (Government Authorised Exchange (Tier 5 / GAE) covers student internships),work authorization unstated - confirm before investing time; compensation not publicly disclosed; not confirmed as a Summer 2027 posting,👀 Investigate Further,Not Applied,,,,,
Tower Research Capital,"Quantitative Research Internship - 6 Months, Central Execution Research",United Kingdom,London,1,Quantitative Technology,Internship,6 months,2027-05,2027-08,Open (cycle unconfirmed),,https://www.tower-research.com/open-positions/?gh_jid=8113986,greenhouse:towerresearchcapital,8113986,2026-08-12,2026-09-08,Unclear,Unclear,Unclear,Unclear,Unclear,No,Yes,B,no work-authorization statement found; eligibility must be confirmed,Government Authorised Exchange (Tier 5 / GAE) covers student internships,,Not publicly disclosed,,,Unclear,Unclear,75,role 21; visa 14; pay 10; company 11; eligibility 10; location 9,Quantitative Technology role in United Kingdom; visa route exists (Government Authorised Exchange (Tier 5 / GAE) covers student internships),work authorization unstated - confirm before investing time; compensation not publicly disclosed; not confirmed as a Summer 2027 posting,👀 Investigate Further,Not Applied,,,,,
Virtu Financial,2027 Internship - Software Engineer,Ireland,Dublin,1,Software Engineering,Internship,10 weeks,2027-05,2027-08,Open,,https://job-boards.greenhouse.io/virtu/jobs/8551566002,greenhouse:virtu,8551566002,2026-07-20,2026-09-08,Unclear,Unclear,Unclear,Unclear,Unclear,No,Yes,B,no work-authorization statement found; eligibility must be confirmed,Atypical Working Scheme covers short internships for non-EEA students,,Not publicly disclosed,,,Unclear,Unclear,75,role 25; visa 14; pay 10; company 7; eligibility 10; location 9,Software Engineering role in Ireland; visa route exists (Atypical Working Scheme covers short internships for non-EEA students); explicitly Summer 2027,work authorization unstated - confirm before investing time; compensation not publicly disclosed,👀 Investigate Further,Not Applied,,,,,
Cohere,Research Internship (Winter 2027),Canada,,1,Research,FullTime,4-6 months,2027-05,2027-08,Open,,https://jobs.ashbyhq.com/cohere/73bd3e2b-6597-4124-b64b-1e5dbc32e785,ashby:cohere,73bd3e2b-6597-4124-b64b-1e5dbc32e785,2026-05-01,2026-09-08,Unclear,Unclear,Unclear,Unclear,Unclear,No,Yes,B,no work-authorization statement found; eligibility must be confirmed,Co-op / internship work permit; often needs the placement to be degree-required,,Yes,,,Yes,Unclear,74,role 20; visa 14; pay 15; company 11; eligibility 6; location 8,Research role in Canada; visa route exists (Co-op / internship work permit); paid; explicitly Summer 2027,work authorization unstated - confirm before investing time,👀 Investigate Further,Not Applied,,,,,
Internship List,"Data Analyst Intern (Winter/January 2027, 8+ Months)",Canada,Oakville,1,Data Science,Internship,,2027-05,2027-08,Open,,https://job-boards.greenhouse.io/internshiplist2000/jobs/5324252008,greenhouse:internshiplist2000,5324252008,2026-09-02,2026-09-08,Unclear,Unclear,Unclear,Unclear,Unclear,No,Yes,B,no work-authorization statement found; eligibility must be confirmed,Co-op / internship work permit; often needs the placement to be degree-required,,Yes,,,Yes,Unclear,74,role 20; visa 14; pay 15; company 7; eligibility 10; location 8,Data Science role in Canada; visa route exists (Co-op / internship work permit); paid; explicitly Summer 2027,work authorization unstated - confirm before investing time,👀 Investigate Further,Not Applied,,,,,
Internship List,"Data Scientist Intern (Winter/January 2027, 4-8 Months)",Canada,Oakville,1,Data Science,Internship,4-8 months,2027-05,2027-08,Open,,https://job-boards.greenhouse.io/internshiplist2000/jobs/5383410008,greenhouse:internshiplist2000,5383410008,2026-09-02,2026-09-08,Unclear,Unclear,Unclear,Unclear,Unclear,No,Yes,B,no work-authorization statement found; eligibility must be confirmed,Co-op / internship work permit; often needs the placement to be degree-required,,Yes,,,Yes,Unclear,74,role 20; visa 14; pay 15; company 7; eligibility 10; location 8,Data Science role in Canada; visa route exists (Co-op / internship work permit); paid; explicitly Summer 2027,work authorization unstated - confirm before investing time,👀 Investigate Further,Not Applied,,,,,
Internship List,"Insights & Integrations Consultancy, Data Scientist Intern (Winter/January 2027, 4 - 8 Months)",Canada,Oakville,1,Data Science,Internship,4-8 months,2027-05,2027-08,Open,,https://job-boards.greenhouse.io/internshiplist2000/jobs/5156504008,greenhouse:internshiplist2000,5156504008,2026-05-04,2026-09-08,Unclear,Unclear,Unclear,Unclear,Unclear,No,Yes,B,no work-authorization statement found; eligibility must be confirmed,Co-op / internship work permit; often needs the placement to be degree-required,,Yes,,,Yes,Unclear,74,role 20; visa 14; pay 15; company 7; eligibility 10; location 8,Data Science role in Canada; visa route exists (Co-op / internship work permit); paid; explicitly Summer 2027,work authorization unstated - confirm before investing time,👀 Investigate Further,Not Applied,,,,,
Tower Research Capital,Quantitative Developer Intern,France,Paris,3,Quantitative Technology,Internship,,2027-05,2027-08,Open,,https://www.tower-research.com/open-positions/?gh_jid=7011493,greenhouse:towerresearchcapital,7011493,2025-06-25,2026-09-08,Unclear,Unclear,Unclear,Unclear,Unclear,Unclear,Unclear,B,no work-authorization statement found; eligibility must be confirmed,,,Yes,,,Unclear,Unclear,74,role 21; visa 14; pay 15; company 11; eligibility 10; location 3,Quantitative Technology role in France; paid; explicitly Summer 2027,work authorization unstated - confirm before investing time; English working environment unconfirmed,👀 Investigate Further,Not Applied,,,,,
Zip,Software Engineer Intern (Winter 2027),Canada,Toronto,1,Software Engineering,Intern,,2027-05,2027-08,Open,,https://jobs.ashbyhq.com/zip/2bc7327b-1c06-418a-beeb-bec1dd70480e,ashby:zip,2bc7327b-1c06-418a-beeb-bec1dd70480e,2026-08-11,2026-09-08,Unclear,Unclear,Unclear,Unclear,Unclear,No,Yes,B,no work-authorization statement found; eligibility must be confirmed,Co-op / internship work permit; often needs the placement to be degree-required,,Not publicly disclosed,,,Unclear,Unclear,74,role 25; visa 14; pay 10; company 7; eligibility 10; location 8,Software Engineering role in Canada; visa route exists (Co-op / internship work permit); explicitly Summer 2027,work authorization unstated - confirm before investing time; compensation not publicly disclosed,👀 Investigate Further,Not Applied,,,,,
Celonis,Intern AI & Management Consulting (Value Engineering),France,Paris,3,Machine Learning / AI,Internship,6 months,2027-05,2027-08,Open (cycle unconfirmed),,https://job-boards.greenhouse.io/celonis/jobs/7767090003?gh_jid=7767090003,greenhouse:celonis,7767090003,2026-07-01,2026-09-08,Unclear,Unclear,Unclear,Unclear,Unclear,Unclear,Unclear,B,no work-authorization statement found; eligibility must be confirmed,,,Not publicly disclosed,,,Unclear,Unclear,73,role 25; visa 14; pay 10; company 11; eligibility 10; location 3,Machine Learning / AI role in France,work authorization unstated - confirm before investing time; compensation not publicly disclosed; English working environment unconfirmed; not confirmed as a Summer 2027 posting,👀 Investigate Further,Not Applied,,,,,
IMC,Quantitative Research Intern 2027,Hong Kong,,3,Quantitative Technology,Internship,,2027-05,2027-08,Open,,https://job-boards.eu.greenhouse.io/imc/jobs/4941208101,greenhouse:imc,4941208101,2026-08-12,2026-09-08,Unclear,Unclear,Unclear,Unclear,Unclear,Unclear,Unclear,B,no work-authorization statement found; eligibility must be confirmed,,,Not publicly disclosed,,,Unclear,Unclear,73,role 21; visa 14; pay 10; company 15; eligibility 10; location 3,Quantitative Technology role in Hong Kong; explicitly Summer 2027,work authorization unstated - confirm before investing time; compensation not publicly disclosed; English working environment unconfirmed,👀 Investigate Further,Not Applied,,,,,
Jump Trading,Campus Quantitative Researcher (Intern),Hong Kong,,3,Quantitative Technology,Internship,,2027-05,2027-08,Open (cycle unconfirmed),,https://www.jumptrading.com/hr/job?gh_jid=8027900,greenhouse:jumptrading,8027900,2026-08-24,2026-09-08,Yes,Unclear,Unclear,Unclear,Unclear,Unclear,Unclear,B,no work-authorization statement found; eligibility must be confirmed,,,Not publicly disclosed,,,Unclear,Unclear,73,role 21; visa 14; pay 10; company 15; eligibility 10; location 3,Quantitative Technology role in Hong Kong,work authorization unstated - confirm before investing time; compensation not publicly disclosed; English working environment unconfirmed; not confirmed as a Summer 2027 posting,👀 Investigate Further,Not Applied,,,,,
Jump Trading,Campus Quantitative Researcher (M1/M2 Intern),France,London,3,Quantitative Technology,Internship,,2027-05,2027-08,Open (cycle unconfirmed),,https://www.jumptrading.com/hr/job?gh_jid=8059384,greenhouse:jumptrading,8059384,2026-07-13,2026-09-08,Unclear,Unclear,Unclear,Unclear,Unclear,Unclear,Unclear,B,no work-authorization statement found; eligibility must be confirmed,,,Not publicly disclosed,,,Unclear,Unclear,73,role 21; visa 14; pay 10; company 15; eligibility 10; location 3,Quantitative Technology role in France,work authorization unstated - confirm before investing time; compensation not publicly disclosed; English working environment unconfirmed; not confirmed as a Summer 2027 posting,👀 Investigate Further,Not Applied,,,,,
Jump Trading,Campus Quantitative Researcher (Off-Cycle - Winter/Spring 2027 Intern) ,Hong Kong,,3,Quantitative Technology,Internship,,2027-05,2027-08,Open,,https://www.jumptrading.com/hr/job?gh_jid=8027898,greenhouse:jumptrading,8027898,2026-08-25,2026-09-08,Yes,Unclear,Unclear,Unclear,Unclear,Unclear,Unclear,B,no work-authorization statement found; eligibility must be confirmed,,,Not publicly disclosed,,,Unclear,Unclear,73,role 21; visa 14; pay 10; company 15; eligibility 10; location 3,Quantitative Technology role in Hong Kong; explicitly Summer 2027,work authorization unstated - confirm before investing time; compensation not publicly disclosed; English working environment unconfirmed,👀 Investigate Further,Not Applied,,,,,
NVIDIA,Software QA Developer Intern - 2027,China,,3,Software Engineering,Full time,,2027-05,2027-08,Open,,https://nvidia.wd5.myworkdayjobs.com/NVIDIAExternalCareerSite/job/China-Shanghai/Software-QA-Developer-Intern---2027_JR2023654,workday:nvidia,JR2023654,,2026-09-08,Unclear,Unclear,Unclear,Unclear,Unclear,Unclear,Unclear,B,no work-authorization statement found; eligibility must be confirmed,,,Not publicly disclosed,,,Unclear,Unclear,73,role 25; visa 14; pay 10; company 15; eligibility 6; location 3,Software Engineering role in China; explicitly Summer 2027,work authorization unstated - confirm before investing time; compensation not publicly disclosed; English working environment unconfirmed,👀 Investigate Further,Not Applied,,,,,
NVIDIA,Developer Technology Engineering Intern - 2027,China,,3,Software Engineering,Full time,,2027-05,2027-08,Open,,https://nvidia.wd5.myworkdayjobs.com/NVIDIAExternalCareerSite/job/China-Beijing/Developer-Technology-Engineering-Intern---2027_JR2024122,workday:nvidia,JR2024122,,2026-09-08,Unclear,Unclear,Unclear,Unclear,Unclear,Unclear,Unclear,B,no work-authorization statement found; eligibility must be confirmed,,,Not publicly disclosed,,,Unclear,Unclear,73,role 25; visa 14; pay 10; company 15; eligibility 6; location 3,Software Engineering role in China; explicitly Summer 2027,work authorization unstated - confirm before investing time; compensation not publicly disclosed; English working environment unconfirmed,👀 Investigate Further,Not Applied,,,,,
NVIDIA,System Software Engineer (RDSS Intern),Taiwan,,3,Software Engineering,Full time,,2027-05,2027-08,Open,,https://nvidia.wd5.myworkdayjobs.com/NVIDIAExternalCareerSite/job/Taiwan-Taipei/System-Software-Engineer--RDSS-Intern-_JR2024500,workday:nvidia,JR2024500,,2026-09-08,Unclear,Unclear,Unclear,Unclear,Unclear,Unclear,Unclear,B,no work-authorization statement found; eligibility must be confirmed,,,Not publicly disclosed,,,Unclear,Unclear,73,role 25; visa 14; pay 10; company 15; eligibility 6; location 3,Software Engineering role in Taiwan; explicitly Summer 2027,work authorization unstated - confirm before investing time; compensation not publicly disclosed; English working environment unconfirmed,👀 Investigate Further,Not Applied,,,,,
Perplexity,Internship - Machine Learning Research Engineer,Germany,Berlin,2,Machine Learning / AI,FullTime,12-24 weeks,2027-05,2027-08,Open (cycle unconfirmed),,https://jobs.ashbyhq.com/perplexity/b9e1ff15-d52a-46d5-abf0-26460f2a116c,ashby:perplexity,b9e1ff15-d52a-46d5-abf0-26460f2a116c,2026-09-02,2026-09-08,Unclear,Unclear,Unclear,Unclear,Unclear,Unclear,Unclear,B,no work-authorization statement found; eligibility must be confirmed,Internship visa for students enrolled abroad; recognised for degree-relevant placements,,Not publicly disclosed,,,Unclear,Unclear,73,role 25; visa 14; pay 10; company 11; eligibility 6; location 7,Machine Learning / AI role in Germany; visa route exists (Internship visa for students enrolled abroad),work authorization unstated - confirm before investing time; compensation not publicly disclosed; English working environment unconfirmed; not confirmed as a Summer 2027 posting,👀 Investigate Further,Not Applied,,,,,
Tower Research Capital,Business Analytics Intern - 6 Month Internship Opportunity,Netherlands,Amsterdam,2,Data Science,Internship,,2027-05,2027-08,Open (cycle unconfirmed),,https://www.tower-research.com/open-positions/?gh_jid=8041512,greenhouse:towerresearchcapital,8041512,2026-07-03,2026-09-08,Unclear,Unclear,Unclear,Unclear,Unclear,Unclear,Unclear,B,no work-authorization statement found; eligibility must be confirmed,Intern residence permit sponsored by a recognised employer,,Not publicly disclosed,,,Unclear,Unclear,73,role 20; visa 14; pay 10; company 11; eligibility 10; location 8,Data Science role in Netherlands; visa route exists (Intern residence permit sponsored by a recognised employer),work authorization unstated - confirm before investing time; compensation not publicly disclosed; English working environment unconfirmed; not confirmed as a Summer 2027 posting,👀 Investigate Further,Not Applied,,,,,
Tower Research Capital,Intern - AI/ML,India,gurgaon,3,Machine Learning / AI,Internship,,2027-05,2027-08,Open (cycle unconfirmed),,https://www.tower-research.com/open-positions/?gh_jid=8143756,greenhouse:towerresearchcapital,8143756,2026-08-20,2026-09-08,Unclear,Unclear,Unclear,Unclear,Unclear,Unclear,Unclear,B,no work-authorization statement found; eligibility must be confirmed,Home country - no visa needed,,Not publicly disclosed,,,Unclear,Unclear,73,role 25; visa 14; pay 10; company 11; eligibility 10; location 3,Machine Learning / AI role in India; visa route exists (Home country - no visa needed),work authorization unstated - confirm before investing time; compensation not publicly disclosed; English working environment unconfirmed; not confirmed as a Summer 2027 posting,👀 Investigate Further,Not Applied,,,,,
Tower Research Capital,"Quantitative Researcher Intern, PhD or Postdoc",Singapore,,1,Quantitative Technology,Internship,,2027-05,2027-08,Open (cycle unconfirmed),,https://www.tower-research.com/open-positions/?gh_jid=8168634,greenhouse:towerresearchcapital,8168634,2026-08-31,2026-09-08,No,Unclear,Unclear,Unclear,Unclear,No,Yes,B,no work-authorization statement found; eligibility must be confirmed,Training Employment Pass or Work Holiday Pass,,Yes,,,Unclear,Unclear,73,role 21; visa 14; pay 15; company 11; eligibility 2; location 10,Quantitative Technology role in Singapore; visa route exists (Training Employment Pass or Work Holiday Pass); paid,work authorization unstated - confirm before investing time; appears to target PhD candidates; not confirmed as a Summer 2027 posting,👀 Investigate Further,Not Applied,,,,,
GlobalFoundries,"2H University Intern, AI-Driven Process Intern (Advanced Process Control)",Singapore,SGP - Woodlands,1,Machine Learning / AI,Full time,20-24 weeks,2027-05,2027-08,Open (cycle unconfirmed),,https://globalfoundries.wd1.myworkdayjobs.com/External/job/SGP---Woodlands/XMLNAME-2H-University-Intern--AI-Driven-Process-Intern--Advanced-Process-Control-_JR-2502691,workday:globalfoundries,JR-2502691,,2026-09-08,Unclear,Unclear,Unclear,Unclear,Unclear,No,Yes,B,no work-authorization statement found; eligibility must be confirmed,Training Employment Pass or Work Holiday Pass,,Not publicly disclosed,,,Unclear,Unclear,72,role 25; visa 14; pay 10; company 7; eligibility 6; location 10,Machine Learning / AI role in Singapore; visa route exists (Training Employment Pass or Work Holiday Pass),work authorization unstated - confirm before investing time; compensation not publicly disclosed; not confirmed as a Summer 2027 posting,👀 Investigate Further,Not Applied,,,,,
GlobalFoundries,"Equipment Engineering Intern, Metrology (July to December)",Singapore,SGP - Woodlands,1,Software Engineering,Full time,20-24 weeks,2027-05,2027-08,Open (cycle unconfirmed),,https://globalfoundries.wd1.myworkdayjobs.com/External/job/SGP---Woodlands/XMLNAME-2H-University-Intern---Metrology-Equipment-Engineering_JR-2502751,workday:globalfoundries,JR-2502751,,2026-09-08,Unclear,Unclear,Unclear,Unclear,Unclear,No,Yes,B,no work-authorization statement found; eligibility must be confirmed,Training Employment Pass or Work Holiday Pass,,Not publicly disclosed,,,Unclear,Unclear,72,role 25; visa 14; pay 10; company 7; eligibility 6; location 10,Software Engineering role in Singapore; visa route exists (Training Employment Pass or Work Holiday Pass),work authorization unstated - confirm before investing time; compensation not publicly disclosed; not confirmed as a Summer 2027 posting,👀 Investigate Further,Not Applied,,,,,
GlobalFoundries,Frame Engineering Intern (Jan-Jun 2027),Singapore,SGP - Woodlands,1,Software Engineering,Full time,16-24 weeks,2027-05,2027-08,Open,,https://globalfoundries.wd1.myworkdayjobs.com/External/job/SGP---Woodlands/Frame-Engineering-Intern--Jan-Jun-2027-_JR-2604922-1,workday:globalfoundries,JR-2604922,,2026-09-08,Unclear,Unclear,Unclear,Unclear,Unclear,No,Yes,B,no work-authorization statement found; eligibility must be confirmed,Training Employment Pass or Work Holiday Pass,,Not publicly disclosed,,,Unclear,Unclear,72,role 25; visa 14; pay 10; company 7; eligibility 6; location 10,Software Engineering role in Singapore; visa route exists (Training Employment Pass or Work Holiday Pass); explicitly Summer 2027,work authorization unstated - confirm before investing time; compensation not publicly disclosed,👀 Investigate Further,Not Applied,,,,,
Manulife,Summer Intern 2027 - Data Engineering,Canada,Toronto,1,Data Engineering,Full time,,2027-05,2027-08,Open,,https://manulife.wd3.myworkdayjobs.com/mfcjh_jobs/job/Toronto-Ontario/Summer-Intern-2027---Data-Engineering_JR26081683,workday:manulife,JR26081683,,2026-09-08,Yes,Unclear,Unclear,Unclear,Unclear,No,Yes,B,no work-authorization statement found; eligibility must be confirmed,Co-op / internship work permit; often needs the placement to be degree-required,,Yes,,,Yes,Unclear,72,role 22; visa 14; pay 15; company 7; eligibility 6; location 8,Data Engineering role in Canada; visa route exists (Co-op / internship work permit); paid; explicitly Summer 2027,work authorization unstated - confirm before investing time,👀 Investigate Further,Not Applied,,,,,
Mastercard,"Software Engineer Intern, Summer 2027 - Singapore",Singapore,,1,Software Engineering,Full time,,2027-05,2027-08,Open,,https://mastercard.wd1.myworkdayjobs.com/campus/job/Singapore/Software-Engineer-Intern--Summer-2027---Singapore_R-287574,workday:mastercard,R-287574,,2026-09-08,Unclear,Unclear,Unclear,Unclear,Unclear,No,Yes,B,no work-authorization statement found; eligibility must be confirmed,Training Employment Pass or Work Holiday Pass,,Not publicly disclosed,,,Unclear,Unclear,72,role 25; visa 14; pay 10; company 7; eligibility 6; location 10,Software Engineering role in Singapore; visa route exists (Training Employment Pass or Work Holiday Pass); explicitly Summer 2027,work authorization unstated - confirm before investing time; compensation not publicly disclosed,👀 Investigate Further,Not Applied,,,,,
Point72,Cubist Quantitative Researcher Intern,Singapore,,1,Quantitative Technology,Internship,,2027-05,2027-08,Open (cycle unconfirmed),,https://boards.greenhouse.io/point72/jobs/7297598002?gh_jid=7297598002,greenhouse:point72,7297598002,2024-08-15,2026-09-08,Unclear,Unclear,Unclear,Unclear,Unclear,No,Yes,B,no work-authorization statement found; eligibility must be confirmed,Training Employment Pass or Work Holiday Pass,,Not publicly disclosed,,,Unclear,Unclear,72,role 21; visa 14; pay 10; company 7; eligibility 10; location 10,Quantitative Technology role in Singapore; visa route exists (Training Employment Pass or Work Holiday Pass),work authorization unstated - confirm before investing time; compensation not publicly disclosed; not confirmed as a Summer 2027 posting,👀 Investigate Further,Not Applied,,,,,
Virtu Financial,2027 Internship - Quantitative Trading,Singapore,,1,Quantitative Technology,Internship,10 weeks,2027-05,2027-08,Open,,https://job-boards.greenhouse.io/virtu/jobs/5208637002,greenhouse:virtu,5208637002,2021-04-16,2026-09-08,Unclear,Unclear,Unclear,Unclear,Unclear,No,Yes,B,no work-authorization statement found; eligibility must be confirmed,Training Employment Pass or Work Holiday Pass,,Not publicly disclosed,,,Unclear,Unclear,72,role 21; visa 14; pay 10; company 7; eligibility 10; location 10,Quantitative Technology role in Singapore; visa route exists (Training Employment Pass or Work Holiday Pass); explicitly Summer 2027,work authorization unstated - confirm before investing time; compensation not publicly disclosed,👀 Investigate Further,Not Applied,,,,,
Blackstone,2027 Blackstone Technology & Innovations - Software Engineer Summer Analyst,United Kingdom,London,1,Software Engineering,Full time,10 weeks,2027-05,2027-08,Open,,https://blackstone.wd1.myworkdayjobs.com/Blackstone_Campus_Careers/job/London/XMLNAME-2027-Blackstone-Technology---Innovations---Software-Engineer-Summer-Analyst_45358,workday:blackstone,45358,,2026-09-08,Yes,Unclear,Unclear,Unclear,Unclear,No,Yes,B,no work-authorization statement found; eligibility must be confirmed,Government Authorised Exchange (Tier 5 / GAE) covers student internships,,Not publicly disclosed,,,Yes,Unclear,71,role 25; visa 14; pay 10; company 7; eligibility 6; location 9,Software Engineering role in United Kingdom; visa route exists (Government Authorised Exchange (Tier 5 / GAE) covers student internships); explicitly Summer 2027,work authorization unstated - confirm before investing time; compensation not publicly disclosed,👀 Investigate Further,Not Applied,,,,,
Virtu Financial,2027 Internship - Quantitative Trading ,Ireland,Dublin,1,Quantitative Technology,Internship,10 weeks,2027-05,2027-08,Open,,https://job-boards.greenhouse.io/virtu/jobs/8547254002,greenhouse:virtu,8547254002,2026-07-01,2026-09-08,Unclear,Unclear,Unclear,Unclear,Unclear,No,Yes,B,no work-authorization statement found; eligibility must be confirmed,Atypical Working Scheme covers short internships for non-EEA students,,Not publicly disclosed,,,Unclear,Unclear,71,role 21; visa 14; pay 10; company 7; eligibility 10; location 9,Quantitative Technology role in Ireland; visa route exists (Atypical Working Scheme covers short internships for non-EEA students); explicitly Summer 2027,work authorization unstated - confirm before investing time; compensation not publicly disclosed,👀 Investigate Further,Not Applied,,,,,
Engineers Gate,Quantitative Research Intern,Hong Kong,,3,Quantitative Technology,Internship,,2027-05,2027-08,Open (cycle unconfirmed),,https://job-boards.greenhouse.io/engineersgate/jobs/7946542,greenhouse:engineersgate,7946542,2026-05-20,2026-09-08,Yes,Unclear,Unclear,Unclear,Unclear,Unclear,Unclear,B,no work-authorization statement found; eligibility must be confirmed,,,Yes,,,Unclear,Unclear,70,role 21; visa 14; pay 15; company 7; eligibility 10; location 3,Quantitative Technology role in Hong Kong; paid,work authorization unstated - confirm before investing time; English working environment unconfirmed; not confirmed as a Summer 2027 posting,👀 Investigate Further,Not Applied,,,,,
Manulife,Summer Intern 2027 - Data & Analytics,Canada,Toronto,1,Data Science,Full time,,2027-05,2027-08,Open,,https://manulife.wd3.myworkdayjobs.com/mfcjh_jobs/job/Toronto-Ontario/XMLNAME-2027-Summer-Co-op---Data---Analytics_JR26081967,workday:manulife,JR26081967,,2026-09-08,Unclear,Unclear,Unclear,Unclear,Unclear,No,Yes,B,no work-authorization statement found; eligibility must be confirmed,Co-op / internship work permit; often needs the placement to be degree-required,,Yes,,,Yes,Unclear,70,role 20; visa 14; pay 15; company 7; eligibility 6; location 8,Data Science role in Canada; visa route exists (Co-op / internship work permit); paid; explicitly Summer 2027,work authorization unstated - confirm before investing time,👀 Investigate Further,Not Applied,,,,,
Manulife,Summer Intern 2027 - Data & Analytics (8 Months),Canada,Waterloo,1,Data Science,Full time,,2027-05,2027-08,Open,,https://manulife.wd3.myworkdayjobs.com/mfcjh_jobs/job/Waterloo-Ontario/XMLNAME-2027-Summer-Co-op---Data---Analytics--8-Months-_JR26081977,workday:manulife,JR26081977,,2026-09-08,Unclear,Unclear,Unclear,Unclear,Unclear,No,Yes,B,no work-authorization statement found; eligibility must be confirmed,Co-op / internship work permit; often needs the placement to be degree-required,,Yes,,,Yes,Unclear,70,role 20; visa 14; pay 15; company 7; eligibility 6; location 8,Data Science role in Canada; visa route exists (Co-op / internship work permit); paid; explicitly Summer 2027,work authorization unstated - confirm before investing time,👀 Investigate Further,Not Applied,,,,,
NVIDIA,Infrastructure Tool Development Intern - 2027,China,,3,Cloud / DevOps / Infrastructure,Full time,,2027-05,2027-08,Open,,https://nvidia.wd5.myworkdayjobs.com/NVIDIAExternalCareerSite/job/China-Shanghai/Infrastructure-Tool-Development-Intern---2027_JR2025040,workday:nvidia,JR2025040,,2026-09-08,Unclear,Unclear,Unclear,Unclear,Unclear,Unclear,Unclear,B,no work-authorization statement found; eligibility must be confirmed,,,Not publicly disclosed,,,Unclear,Unclear,70,role 22; visa 14; pay 10; company 15; eligibility 6; location 3,Cloud / DevOps / Infrastructure role in China; explicitly Summer 2027,work authorization unstated - confirm before investing time; compensation not publicly disclosed; English working environment unconfirmed,👀 Investigate Further,Not Applied,,,,,
Point72,Quantitative Researcher - Intern,Hong Kong,London,3,Quantitative Technology,Internship,,2027-05,2027-08,Open (cycle unconfirmed),,https://boards.greenhouse.io/point72/jobs/7297657002?gh_jid=7297657002,greenhouse:point72,7297657002,2024-08-15,2026-09-08,Yes,Unclear,Unclear,Unclear,Unclear,Unclear,Unclear,B,no work-authorization statement found; eligibility must be confirmed,,,Yes,,,Unclear,Unclear,70,role 21; visa 14; pay 15; company 7; eligibility 10; location 3,Quantitative Technology role in Hong Kong; paid,work authorization unstated - confirm before investing time; English working environment unconfirmed; not confirmed as a Summer 2027 posting,👀 Investigate Further,Not Applied,,,,,
TD Bank,AI2 Business Intelligence Co-op/Intern (WINTER 2027),Canada,Toronto,1,Data Science,Full time,,2027-05,2027-08,Open,,https://td.wd3.myworkdayjobs.com/TD_Bank_Careers/job/Toronto-Ontario/AI2-Business-Intelligence-Co-op-Intern--WINTER-2027-_R_1506122,workday:td,R_1506122,,2026-09-08,Yes,Unclear,Unclear,Unclear,Unclear,No,Yes,B,no work-authorization statement found; eligibility must be confirmed,Co-op / internship work permit; often needs the placement to be degree-required,,Yes,,,Yes,Unclear,70,role 20; visa 14; pay 15; company 7; eligibility 6; location 8,Data Science role in Canada; visa route exists (Co-op / internship work permit); paid; explicitly Summer 2027,work authorization unstated - confirm before investing time,👀 Investigate Further,Not Applied,,,,,
TELUS Digital,Data & AI Intern (Brazil) - Year Round 2027,Brazil,Porto Alegre,3,Machine Learning / AI,Intern,,2027-05,2027-08,Open,,https://jobs.ashbyhq.com/telus-digital/89730055-fa03-444d-aa05-0058946fa436,ashby:telus-digital,89730055-fa03-444d-aa05-0058946fa436,2026-08-28,2026-09-08,Unclear,Unclear,Unclear,Unclear,Unclear,Unclear,Unclear,B,no work-authorization statement found; eligibility must be confirmed,,,Not publicly disclosed,,,Unclear,Unclear,69,role 25; visa 14; pay 10; company 7; eligibility 10; location 3,Machine Learning / AI role in Brazil; explicitly Summer 2027,work authorization unstated - confirm before investing time; compensation not publicly disclosed; English working environment unconfirmed,👀 Investigate Further,Not Applied,,,,,
TELUS Digital,Software Engineering Intern (Brazil) - Year Round 2027,Brazil,Porto Alegre,3,Software Engineering,Intern,,2027-05,2027-08,Open,,https://jobs.ashbyhq.com/telus-digital/98495440-1a32-4c7e-8183-f38beebfd1d0,ashby:telus-digital,98495440-1a32-4c7e-8183-f38beebfd1d0,2026-08-28,2026-09-08,Unclear,Unclear,Unclear,Unclear,Unclear,Unclear,Unclear,B,no work-authorization statement found; eligibility must be confirmed,,,Not publicly disclosed,,,Unclear,Unclear,69,role 25; visa 14; pay 10; company 7; eligibility 10; location 3,Software Engineering role in Brazil; explicitly Summer 2027,work authorization unstated - confirm before investing time; compensation not publicly disclosed; English working environment unconfirmed,👀 Investigate Further,Not Applied,,,,,
Blackstone,"2027 Blackstone Credit and Insurance, Infrastructure and Asset Based Credit Summer Analyst (London)",United Kingdom,London,1,Cloud / DevOps / Infrastructure,Full time,10 weeks,2027-05,2027-08,Open,,https://blackstone.wd1.myworkdayjobs.com/Blackstone_Campus_Careers/job/London/XMLNAME-2027-Blackstone-Credit-and-Insurance--Infrastructure-and-Asset-Based-Credit-Summer-Analyst--London-_43862,workday:blackstone,43862,,2026-09-08,Yes,Unclear,Unclear,Unclear,Unclear,No,Yes,B,no work-authorization statement found; eligibility must be confirmed,Government Authorised Exchange (Tier 5 / GAE) covers student internships,,Not publicly disclosed,,,Yes,Unclear,68,role 22; visa 14; pay 10; company 7; eligibility 6; location 9,Cloud / DevOps / Infrastructure role in United Kingdom; visa route exists (Government Authorised Exchange (Tier 5 / GAE) covers student internships); explicitly Summer 2027,work authorization unstated - confirm before investing time; compensation not publicly disclosed,👀 Investigate Further,Not Applied,,,,,
Blackstone,2027 Blackstone Infrastructure Partners Summer Analyst – Private Equity Infrastructure Investment & Private Equity Infrastructure Asset Management (London),United Kingdom,London,1,Cloud / DevOps / Infrastructure,Full time,10 weeks,2027-05,2027-08,Open,,https://blackstone.wd1.myworkdayjobs.com/Blackstone_Campus_Careers/job/London/XMLNAME-2027-Blackstone-Infrastructure-Partners-Summer-Analyst---Private-Equity-Infrastructure-Investment---Private-Equity-Infrastructure-Asset-Management--London-_43613,workday:blackstone,43613,,2026-09-08,Yes,Unclear,Unclear,Unclear,Unclear,No,Yes,B,no work-authorization statement found; eligibility must be confirmed,Government Authorised Exchange (Tier 5 / GAE) covers student internships,,Not publicly disclosed,,,Yes,Unclear,68,role 22; visa 14; pay 10; company 7; eligibility 6; location 9,Cloud / DevOps / Infrastructure role in United Kingdom; visa route exists (Government Authorised Exchange (Tier 5 / GAE) covers student internships); explicitly Summer 2027,work authorization unstated - confirm before investing time; compensation not publicly disclosed,👀 Investigate Further,Not Applied,,,,,
NVIDIA,Android Software Engineer (RDSS Intern),Taiwan,,3,Mobile Engineering,Full time,,2027-05,2027-08,Open,,https://nvidia.wd5.myworkdayjobs.com/NVIDIAExternalCareerSite/job/Taiwan-Taipei/Android-Software-Engineer--RDSS-Intern-_JR2024408,workday:nvidia,JR2024408,,2026-09-08,Unclear,Unclear,Unclear,Unclear,Unclear,Unclear,Unclear,B,no work-authorization statement found; eligibility must be confirmed,,,Not publicly disclosed,,,Unclear,Unclear,68,role 20; visa 14; pay 10; company 15; eligibility 6; location 3,Mobile Engineering role in Taiwan; explicitly Summer 2027,work authorization unstated - confirm before investing time; compensation not publicly disclosed; English working environment unconfirmed,👀 Investigate Further,Not Applied,,,,,
Intel,Hardware Engineering Intern,Ireland,,1,Hardware / Embedded,Full time,,2027-05,2027-08,Closed,,https://intel.wd1.myworkdayjobs.com/external/job/Ireland-Leixlip/Hardware-Engineering-Intern_JR0286731,workday:intel,JR0286731,,2026-09-07,Yes,Unclear,Unclear,Unclear,Unclear,No,Yes,B,no work-authorization statement found; eligibility must be confirmed,Atypical Working Scheme covers short internships for non-EEA students,,Yes,,,Unclear,Unclear,67,role 16; visa 14; pay 15; company 7; eligibility 6; location 9,Hardware / Embedded role in Ireland; visa route exists (Atypical Working Scheme covers short internships for non-EEA students); paid,work authorization unstated - confirm before investing time; not confirmed as a Summer 2027 posting,👀 Investigate Further,Closed,No longer listed on the company board,,,,
Procter & Gamble,Data Engineering Intern,France,PARIS GO-ASNIERES-SUR-SEINE,3,Data Engineering,Full time,6 months,2027-05,2027-08,Open,,https://pg.wd5.myworkdayjobs.com/1000/job/PARIS-GO-ASNIERES-SUR-SEINE/Data-Engineering-Intern_R000155891,workday:pg,R000155891,,2026-09-08,Unclear,Unclear,Unclear,Unclear,Unclear,Unclear,Unclear,B,no work-authorization statement found; eligibility must be confirmed,,,Yes,,,Yes,Unclear,67,role 22; visa 14; pay 15; company 7; eligibility 6; location 3,Data Engineering role in France; paid; explicitly Summer 2027,work authorization unstated - confirm before investing time; English working environment unconfirmed,👀 Investigate Further,Not Applied,,,,,
Philips,AI & Cyber Threat Intelligence Intern,Netherlands,Best,2,Cybersecurity,Full time,,2027-05,2027-08,Open (cycle unconfirmed),,https://philips.wd3.myworkdayjobs.com/jobs-and-careers/job/Best/AI---Cyber-Threat-Intelligence-Intern_587111,workday:philips,587111,,2026-09-08,Unclear,Unclear,Unclear,Unclear,Unclear,Unclear,Unclear,B,no work-authorization statement found; eligibility must be confirmed,Intern residence permit sponsored by a recognised employer,,Not publicly disclosed,,,Unclear,Unclear,66,role 21; visa 14; pay 10; company 7; eligibility 6; location 8,Cybersecurity role in Netherlands; visa route exists (Intern residence permit sponsored by a recognised employer),work authorization unstated - confirm before investing time; compensation not publicly disclosed; English working environment unconfirmed; not confirmed as a Summer 2027 posting,👀 Investigate Further,Not Applied,,,,,
Virtu Financial,2027 Internship - FPGA Engineer,Ireland,Dublin,1,Hardware / Embedded,Internship,10 weeks,2027-05,2027-08,Open,,https://job-boards.greenhouse.io/virtu/jobs/8638124002,greenhouse:virtu,8638124002,2026-08-12,2026-09-08,Unclear,Unclear,Unclear,Unclear,Unclear,No,Yes,B,no work-authorization statement found; eligibility must be confirmed,Atypical Working Scheme covers short internships for non-EEA students,,Not publicly disclosed,,,Unclear,Unclear,66,role 16; visa 14; pay 10; company 7; eligibility 10; location 9,Hardware / Embedded role in Ireland; visa route exists (Atypical Working Scheme covers short internships for non-EEA students); explicitly Summer 2027,work authorization unstated - confirm before investing time; compensation not publicly disclosed,👀 Investigate Further,Not Applied,,,,,
Barclays,Quantitative Analytics Associate Off Cycle Internship Programme 2027 Paris,France,Paris,3,Data Science,Full time,3-6 months,2027-05,2027-08,Closed,,https://barclays.wd3.myworkdayjobs.com/External_Career_Site_Barclays/job/Paris-52-avenue-Hoche/Quantitative-Analytics-Associate-Off-Cycle-Internship-Programme-2027-Paris_JR-0000124726,workday:barclays,JR-0000124726,,2026-09-07,Unclear,Unclear,Unclear,Unclear,Unclear,Unclear,Unclear,B,no work-authorization statement found; eligibility must be confirmed,,,Yes,,,Unclear,Unclear,65,role 20; visa 14; pay 15; company 7; eligibility 6; location 3,Data Science role in France; paid; explicitly Summer 2027,work authorization unstated - confirm before investing time; English working environment unconfirmed,👀 Investigate Further,Closed,No longer listed on the company board,,,,
DV Trading,Quantitative Trading Intern - Summer 2027 (DV Equities),Hong Kong,,3,Quantitative Technology,Internship,,2027-05,2027-08,Open,,https://job-boards.greenhouse.io/dvtrading/jobs/4691295005,greenhouse:dvtrading,4691295005,2026-05-04,2026-09-08,Unclear,Unclear,Unclear,Unclear,Unclear,Unclear,Unclear,B,no work-authorization statement found; eligibility must be confirmed,,,Not publicly disclosed,,,Unclear,Unclear,65,role 21; visa 14; pay 10; company 7; eligibility 10; location 3,Quantitative Technology role in Hong Kong; explicitly Summer 2027,work authorization unstated - confirm before investing time; compensation not publicly disclosed; English working environment unconfirmed,👀 Investigate Further,Not Applied,,,,,
Intel,AI/ML Software App Development Intern,China,PRC,3,Machine Learning / AI,Full time,,2027-05,2027-08,Open (cycle unconfirmed),,https://intel.wd1.myworkdayjobs.com/external/job/PRC-Chengdu/AI-ML-Software-App-Development-Intern_JR0286946,workday:intel,JR0286946,,2026-09-08,Unclear,Unclear,Unclear,Unclear,Unclear,Unclear,Unclear,B,no work-authorization statement found; eligibility must be confirmed,,,Not publicly disclosed,,,Unclear,Unclear,65,role 25; visa 14; pay 10; company 7; eligibility 6; location 3,Machine Learning / AI role in China,work authorization unstated - confirm before investing time; compensation not publicly disclosed; English working environment unconfirmed; not confirmed as a Summer 2027 posting,👀 Investigate Further,Not Applied,,,,,
Manulife,Summer Intern 2027 - Quantitative Analyst,Canada,Toronto,1,Data Science,Full time,,2027-05,2027-08,Open,,https://manulife.wd3.myworkdayjobs.com/mfcjh_jobs/job/Toronto-Ontario/XMLNAME-2027-Canada-Summer-Co-op---Quantitative-Analyst_JR26080358,workday:manulife,JR26080358,,2026-09-08,Unclear,Unclear,Unclear,Unclear,Unclear,No,Yes,B,no work-authorization statement found; eligibility must be confirmed,Co-op / internship work permit; often needs the placement to be degree-required,,Not publicly disclosed,,,Yes,Unclear,65,role 20; visa 14; pay 10; company 7; eligibility 6; location 8,Data Science role in Canada; visa route exists (Co-op / internship work permit); explicitly Summer 2027,work authorization unstated - confirm before investing time; compensation not publicly disclosed,👀 Investigate Further,Not Applied,,,,,
Philips,Software Engineer Intern,China,Suzhou,3,Software Engineering,Part time,,2027-05,2027-08,Open (cycle unconfirmed),,https://philips.wd3.myworkdayjobs.com/jobs-and-careers/job/Suzhou/Software-Engineer-Intern_588645-1,workday:philips,588645,,2026-09-08,Unclear,Unclear,Unclear,Unclear,Unclear,Unclear,Unclear,B,no work-authorization statement found; eligibility must be confirmed,,,Not publicly disclosed,,,Unclear,Unclear,65,role 25; visa 14; pay 10; company 7; eligibility 6; location 3,Software Engineering role in China,work authorization unstated - confirm before investing time; compensation not publicly disclosed; English working environment unconfirmed; not confirmed as a Summer 2027 posting,👀 Investigate Further,Not Applied,,,,,
Philips,Intern - AI Agent Development,China,Beijing,3,Machine Learning / AI,Part time,,2027-05,2027-08,Open (cycle unconfirmed),,https://philips.wd3.myworkdayjobs.com/jobs-and-careers/job/Beijing/intern_581864,workday:philips,581864,,2026-09-08,Unclear,Unclear,Unclear,Unclear,Unclear,Unclear,Unclear,B,no work-authorization statement found; eligibility must be confirmed,,,Not publicly disclosed,,,Unclear,Unclear,65,role 25; visa 14; pay 10; company 7; eligibility 6; location 3,Machine Learning / AI role in China,work authorization unstated - confirm before investing time; compensation not publicly disclosed; English working environment unconfirmed; not confirmed as a Summer 2027 posting,👀 Investigate Further,Not Applied,,,,,
Philips,AI Imaging Data Scientist Intern,China,Shanghai,3,Machine Learning / AI,Part time,,2027-05,2027-08,Open (cycle unconfirmed),,https://philips.wd3.myworkdayjobs.com/jobs-and-careers/job/Shanghai/AI-Data-Scientist-Intern_589226,workday:philips,589226,,2026-09-08,Unclear,Unclear,Unclear,Unclear,Unclear,Unclear,Unclear,B,no work-authorization statement found; eligibility must be confirmed,,,Not publicly disclosed,,,Unclear,Unclear,65,role 25; visa 14; pay 10; company 7; eligibility 6; location 3,Machine Learning / AI role in China,work authorization unstated - confirm before investing time; compensation not publicly disclosed; English working environment unconfirmed; not confirmed as a Summer 2027 posting,👀 Investigate Further,Not Applied,,,,,
Plexus,Intern - Software development,Mexico,Guadalajara,3,Software Engineering,Full time,,2027-05,2027-08,Open (cycle unconfirmed),,https://plexus.wd504.myworkdayjobs.com/Plexus_Careers/job/Guadalajara-Mexico/Intern---Manufacturing--Automation---C--_R040240,workday:plexus,R040240,,2026-09-08,Unclear,Unclear,Unclear,Unclear,Unclear,Unclear,Unclear,B,no work-authorization statement found; eligibility must be confirmed,,,Not publicly disclosed,,,Unclear,Unclear,65,role 25; visa 14; pay 10; company 7; eligibility 6; location 3,Software Engineering role in Mexico,work authorization unstated - confirm before investing time; compensation not publicly disclosed; English working environment unconfirmed; not confirmed as a Summer 2027 posting,👀 Investigate Further,Not Applied,,,,,
Point72,Cubist Quantitative Researcher Intern,Hong Kong,,3,Quantitative Technology,Internship,,2027-05,2027-08,Open (cycle unconfirmed),,https://boards.greenhouse.io/point72/jobs/7297611002?gh_jid=7297611002,greenhouse:point72,7297611002,2024-08-15,2026-09-08,Unclear,Unclear,Unclear,Unclear,Unclear,Unclear,Unclear,B,no work-authorization statement found; eligibility must be confirmed,,,Not publicly disclosed,,,Unclear,Unclear,65,role 21; visa 14; pay 10; company 7; eligibility 10; location 3,Quantitative Technology role in Hong Kong,work authorization unstated - confirm before investing time; compensation not publicly disclosed; English working environment unconfirmed; not confirmed as a Summer 2027 posting,👀 Investigate Further,Not Applied,,,,,
Stryker,Engineering Intern,China,Suzhou,3,Software Engineering,Full time,,2027-05,2027-08,Open (cycle unconfirmed),,https://stryker.wd1.myworkdayjobs.com/strykercareers/job/Suzhou-China/Engineering-Intern_R572427,workday:stryker,R572427,,2026-09-08,Unclear,Unclear,Unclear,Unclear,Unclear,Unclear,Unclear,B,no work-authorization statement found; eligibility must be confirmed,,,Not publicly disclosed,,,Unclear,Unclear,65,role 25; visa 14; pay 10; company 7; eligibility 6; location 3,Software Engineering role in China,work authorization unstated - confirm before investing time; compensation not publicly disclosed; English working environment unconfirmed; not confirmed as a Summer 2027 posting,👀 Investigate Further,Not Applied,,,,,
NVIDIA,Post Silicon Validation Intern - 2027,China,,3,Hardware / Embedded,Full time,,2027-05,2027-08,Open,,https://nvidia.wd5.myworkdayjobs.com/NVIDIAExternalCareerSite/job/China-Shanghai/Post-Silicon-Validation-Intern---2027_JR2025052,workday:nvidia,JR2025052,,2026-09-08,Unclear,Unclear,Unclear,Unclear,Unclear,Unclear,Unclear,B,no work-authorization statement found; eligibility must be confirmed,,,Not publicly disclosed,,,Unclear,Unclear,64,role 16; visa 14; pay 10; company 15; eligibility 6; location 3,Hardware / Embedded role in China; explicitly Summer 2027,work authorization unstated - confirm before investing time; compensation not publicly disclosed; English working environment unconfirmed,👀 Investigate Further,Not Applied,,,,,
Skydio,PhD Autonomy Engineer Intern - Computer Vision / Deep Learning Summer 2027,Switzerland,Zurich,2,Machine Learning / AI,Intern,,2027-05,2027-08,Open,,https://jobs.ashbyhq.com/skydio/611a7f87-bc4c-468f-976f-ecd33b731fa3,ashby:skydio,611a7f87-bc4c-468f-976f-ecd33b731fa3,2026-09-03,2026-09-08,No,Unclear,Unclear,Unclear,Unclear,Unclear,Unclear,B,no work-authorization statement found; eligibility must be confirmed,Trainee permit under bilateral trainee agreements,,Not publicly disclosed,,,Unclear,Unclear,63,role 25; visa 14; pay 10; company 7; eligibility 2; location 5,Machine Learning / AI role in Switzerland; visa route exists (Trainee permit under bilateral trainee agreements); explicitly Summer 2027,work authorization unstated - confirm before investing time; compensation not publicly disclosed; appears to target PhD candidates; English working environment unconfirmed,👀 Investigate Further,Not Applied,,,,,
Virtu Financial,2027 Internship - Quantitative Researcher (Master or PhD),Ireland,Dublin,1,Quantitative Technology,Internship,10 weeks,2027-05,2027-08,Open,,https://job-boards.greenhouse.io/virtu/jobs/8631180002,greenhouse:virtu,8631180002,2026-07-14,2026-09-08,No,Unclear,Unclear,Unclear,Unclear,No,Yes,B,no work-authorization statement found; eligibility must be confirmed,Atypical Working Scheme covers short internships for non-EEA students,,Not publicly disclosed,,,Unclear,Unclear,63,role 21; visa 14; pay 10; company 7; eligibility 2; location 9,Quantitative Technology role in Ireland; visa route exists (Atypical Working Scheme covers short internships for non-EEA students); explicitly Summer 2027,work authorization unstated - confirm before investing time; compensation not publicly disclosed; appears to target PhD candidates,👀 Investigate Further,Not Applied,,,,,
Manulife,Summer Intern 2027 - Business Technology,Canada,Toronto,1,General Technology,Full time,,2027-05,2027-08,Open,,https://manulife.wd3.myworkdayjobs.com/mfcjh_jobs/job/Toronto-Ontario/Summer-Intern-2027---Business-Technology_JR26081687,workday:manulife,JR26081687,,2026-09-08,Yes,Unclear,Unclear,Unclear,Unclear,No,Yes,B,no work-authorization statement found; eligibility must be confirmed,Co-op / internship work permit; often needs the placement to be degree-required,,Yes,,,Yes,Unclear,62,role 12; visa 14; pay 15; company 7; eligibility 6; location 8,General Technology role in Canada; visa route exists (Co-op / internship work permit); paid; explicitly Summer 2027,work authorization unstated - confirm before investing time,👀 Investigate Further,Not Applied,,,,,
Rockwellautomation,"Embedded Software, Intern",Poland,Katowice,3,Hardware / Embedded,Part time,6 months,2027-05,2027-08,Open (cycle unconfirmed),,https://rockwellautomation.wd1.myworkdayjobs.com/external_rockwell_automation/job/Katowice-Poland/Embedded-Software--Intern_R26-5675-1,workday:rockwellautomation,R26-5675,,2026-09-08,Unclear,Unclear,Unclear,Unclear,Unclear,Unclear,Unclear,B,no work-authorization statement found; eligibility must be confirmed,,,Yes,,,Unclear,Unclear,61,role 16; visa 14; pay 15; company 7; eligibility 6; location 3,Hardware / Embedded role in Poland; paid,work authorization unstated - confirm before investing time; English working environment unconfirmed; not confirmed as a Summer 2027 posting,👀 Investigate Further,Not Applied,,,,,
Celonis,(Graduated) Intern Academy Operations & Technology,Spain,Madrid,3,General Technology,Internship,24 weeks,2027-05,2027-08,Open (cycle unconfirmed),,https://job-boards.greenhouse.io/celonis/jobs/7977932003?gh_jid=7977932003,greenhouse:celonis,7977932003,2026-08-27,2026-09-08,Unclear,Unclear,Unclear,Unclear,Unclear,Unclear,Unclear,B,no work-authorization statement found; eligibility must be confirmed,,,Not publicly disclosed,,,Unclear,Unclear,60,role 12; visa 14; pay 10; company 11; eligibility 10; location 3,General Technology role in Spain,work authorization unstated - confirm before investing time; compensation not publicly disclosed; English working environment unconfirmed; not confirmed as a Summer 2027 posting,👀 Investigate Further,Not Applied,,,,,
Celonis,Intern Technology & Management Consulting (Value Engineering),France,Paris,3,General Technology,Internship,6 months,2027-05,2027-08,Open (cycle unconfirmed),,https://job-boards.greenhouse.io/celonis/jobs/7962340003?gh_jid=7962340003,greenhouse:celonis,7962340003,2026-08-24,2026-09-08,Unclear,Unclear,Unclear,Unclear,Unclear,Unclear,Unclear,B,no work-authorization statement found; eligibility must be confirmed,,,Not publicly disclosed,,,Unclear,Unclear,60,role 12; visa 14; pay 10; company 11; eligibility 10; location 3,General Technology role in France,work authorization unstated - confirm before investing time; compensation not publicly disclosed; English working environment unconfirmed; not confirmed as a Summer 2027 posting,👀 Investigate Further,Not Applied,,,,,
Blackstone,"2027 Blackstone Technology & Innovations Analyst Intern, Singapore",Singapore,,1,General Technology,Full time,6 months,2027-05,2027-08,Open,,https://blackstone.wd1.myworkdayjobs.com/Blackstone_Campus_Careers/job/Singapore/XMLNAME-2027-Blackstone-Technology---Innovations-Analyst-Intern--Singapore_45034,workday:blackstone,45034,,2026-09-08,Yes,Unclear,Unclear,Unclear,Unclear,No,Yes,B,no work-authorization statement found; eligibility must be confirmed,Training Employment Pass or Work Holiday Pass,,Not publicly disclosed,,,Yes,Unclear,59,role 12; visa 14; pay 10; company 7; eligibility 6; location 10,General Technology role in Singapore; visa route exists (Training Employment Pass or Work Holiday Pass); explicitly Summer 2027,work authorization unstated - confirm before investing time; compensation not publicly disclosed,👀 Investigate Further,Not Applied,,,,,
GlobalFoundries,2H University Intern - FR CMOS Device Engineering,Singapore,,1,General Technology,Full time,,2027-05,2027-08,Open (cycle unconfirmed),,https://globalfoundries.wd1.myworkdayjobs.com/External/job/Singapore/Intern---FR-CMOS_JR-2503753,workday:globalfoundries,JR-2503753,,2026-09-08,Unclear,Unclear,Unclear,Unclear,Unclear,No,Yes,B,no work-authorization statement found; eligibility must be confirmed,Training Employment Pass or Work Holiday Pass,,Not publicly disclosed,,,Unclear,Unclear,59,role 12; visa 14; pay 10; company 7; eligibility 6; location 10,General Technology role in Singapore; visa route exists (Training Employment Pass or Work Holiday Pass),work authorization unstated - confirm before investing time; compensation not publicly disclosed; not confirmed as a Summer 2027 posting,👀 Investigate Further,Not Applied,,,,,
GlobalFoundries,2H University Intern - Clean Tech Engineering Module,Singapore,SGP - Woodlands,1,General Technology,Full time,20-24 weeks,2027-05,2027-08,Open (cycle unconfirmed),,https://globalfoundries.wd1.myworkdayjobs.com/External/job/SGP---Woodlands/XMLNAME-2H-University-Intern---Clean-Tech-Engineering-Module_JR-2502753,workday:globalfoundries,JR-2502753,,2026-09-08,Unclear,Unclear,Unclear,Unclear,Unclear,No,Yes,B,no work-authorization statement found; eligibility must be confirmed,Training Employment Pass or Work Holiday Pass,,Not publicly disclosed,,,Unclear,Unclear,59,role 12; visa 14; pay 10; company 7; eligibility 6; location 10,General Technology role in Singapore; visa route exists (Training Employment Pass or Work Holiday Pass),work authorization unstated - confirm before investing time; compensation not publicly disclosed; not confirmed as a Summer 2027 posting,👀 Investigate Further,Not Applied,,,,,
Medtronic,IT Intern,China,Shanghai,3,General Technology,Full time,,2027-05,2027-08,Open (cycle unconfirmed),,https://medtronic.wd1.myworkdayjobs.com/medtroniccareers/job/Shanghai-Shanghai-China/IT-Intern_R72764,workday:medtronic,R72764,,2026-09-08,Unclear,Unclear,Unclear,Unclear,Unclear,Unclear,Unclear,B,no work-authorization statement found; eligibility must be confirmed,,,Yes,,,Unclear,Unclear,57,role 12; visa 14; pay 15; company 7; eligibility 6; location 3,General Technology role in China; paid,work authorization unstated - confirm before investing time; English working environment unconfirmed; not confirmed as a Summer 2027 posting,👀 Investigate Further,Not Applied,,,,,
Medtronic,IT Intern,China,Shanghai,3,General Technology,Full time,,2027-05,2027-08,Open (cycle unconfirmed),,https://medtronic.wd1.myworkdayjobs.com/medtroniccareers/job/Shanghai-Shanghai-China/IT-Intern_R76905-1,workday:medtronic,R76905,,2026-09-08,Unclear,Unclear,Unclear,Unclear,Unclear,Unclear,Unclear,B,no work-authorization statement found; eligibility must be confirmed,,,Yes,,,Unclear,Unclear,57,role 12; visa 14; pay 15; company 7; eligibility 6; location 3,General Technology role in China; paid,work authorization unstated - confirm before investing time; English working environment unconfirmed; not confirmed as a Summer 2027 posting,👀 Investigate Further,Not Applied,,,,,
Medtronic,IT Intern: Undergrad (Tech),China,Shanghai,3,General Technology,Full time,,2027-05,2027-08,Open (cycle unconfirmed),,https://medtronic.wd1.myworkdayjobs.com/medtroniccareers/job/Shanghai-Shanghai-China/IT-Intern--Undergrad--Tech-_R76906-1,workday:medtronic,R76906,,2026-09-08,Unclear,Unclear,Unclear,Unclear,Unclear,Unclear,Unclear,B,no work-authorization statement found; eligibility must be confirmed,,,Yes,,,Unclear,Unclear,57,role 12; visa 14; pay 15; company 7; eligibility 6; location 3,General Technology role in China; paid,work authorization unstated - confirm before investing time; English working environment unconfirmed; not confirmed as a Summer 2027 posting,👀 Investigate Further,Not Applied,,,,,
Procter & Gamble,IT Intern - Tepeji Plant,Mexico,TEPEJI PLANT,3,General Technology,Part time,12-18 months,2027-05,2027-08,Open,,https://pg.wd5.myworkdayjobs.com/1000/job/TEPEJI-PLANT/IT-Intern---Tepeji-Plant_R000157055,workday:pg,R000157055,,2026-09-08,Unclear,Unclear,Unclear,Unclear,Unclear,Unclear,Unclear,B,no work-authorization statement found; eligibility must be confirmed,,,Yes,,,Yes,Unclear,57,role 12; visa 14; pay 15; company 7; eligibility 6; location 3,General Technology role in Mexico; paid; explicitly Summer 2027,work authorization unstated - confirm before investing time; English working environment unconfirmed,👀 Investigate Further,Not Applied,,,,,
Procter & Gamble,IT Intern - Naucalpan Plant,Mexico,NAUCALPAN PLANT,3,General Technology,Part time,12-18 months,2027-05,2027-08,Open,,https://pg.wd5.myworkdayjobs.com/1000/job/NAUCALPAN-PLANT/IT-Intern---Naucalpan-Plant_R000156991,workday:pg,R000156991,,2026-09-08,Unclear,Unclear,Unclear,Unclear,Unclear,Unclear,Unclear,B,no work-authorization statement found; eligibility must be confirmed,,,Yes,,,Yes,Unclear,57,role 12; visa 14; pay 15; company 7; eligibility 6; location 3,General Technology role in Mexico; paid; explicitly Summer 2027,work authorization unstated - confirm before investing time; English working environment unconfirmed,👀 Investigate Further,Not Applied,,,,,
GE Vernova,Robotics Inspection Technologies Intern.,India,Bengaluru,3,General Technology,Full time,3-11 months,2027-05,2027-08,Closed,,https://gevernova.wd5.myworkdayjobs.com/vernova_externalsite/job/Bengaluru/Robotics-Inspection-Technologies-Intern_R5038013-1,workday:gevernova,R5038013,,2026-09-07,Unclear,Unclear,Yes,No,Yes,Unclear,Unclear,A,offers relocation support,Home country - no visa needed,nd camera interfacing Additional Information Relocation Assistance Provided: Yes,Not publicly disclosed,,,Unclear,Yes,63,role 12; visa 25; pay 10; company 7; eligibility 6; location 3,General Technology role in India; employer states international support,compensation not publicly disclosed; English working environment unconfirmed; not confirmed as a Summer 2027 posting,📅 Monitor for Opening,Closed,No longer listed on the company board,,,,
Philips,System Engineering （嵌入式系统） -Intern,China,Suzhou,3,General Technology,Part time,,2027-05,2027-08,Open (cycle unconfirmed),,https://philips.wd3.myworkdayjobs.com/jobs-and-careers/job/Suzhou/System-Engineering--Intern_588929-1,workday:philips,588929,,2026-09-08,Unclear,Unclear,Unclear,Unclear,Unclear,Unclear,Unclear,B,no work-authorization statement found; eligibility must be confirmed,,,Not publicly disclosed,,,Unclear,Unclear,52,role 12; visa 14; pay 10; company 7; eligibility 6; location 3,General Technology role in China,work authorization unstated - confirm before investing time; compensation not publicly disclosed; English working environment unconfirmed; not confirmed as a Summer 2027 posting,📅 Monitor for Opening,Not Applied,,,,,
Procter & Gamble,Information Technology Intern,India,MUMBAI GENERAL OFFICE,3,General Technology,Full time,,2027-05,2027-08,Open (cycle unconfirmed),,https://pg.wd5.myworkdayjobs.com/1000/job/MUMBAI-GENERAL-OFFICE/Information-Technology-Intern_R000158265,workday:pg,R000158265,,2026-09-08,Unclear,Unclear,Unclear,Unclear,Unclear,Unclear,Unclear,B,no work-authorization statement found; eligibility must be confirmed,Home country - no visa needed,,Not publicly disclosed,,,Unclear,Unclear,52,role 12; visa 14; pay 10; company 7; eligibility 6; location 3,General Technology role in India; visa route exists (Home country - no visa needed),work authorization unstated - confirm before investing time; compensation not publicly disclosed; English working environment unconfirmed; not confirmed as a Summer 2027 posting,📅 Monitor for Opening,Not Applied,,,,,
Boeing,Intern - Software Engineering,Spain,ESP - Madrid,3,Software Engineering,Full time,6 months,2027-05,2027-08,Open (cycle unconfirmed),,https://boeing.wd1.myworkdayjobs.com/EXTERNAL_CAREERS/job/ESP---Madrid-Spain/Intern---Software-Engineering_JR2026522576-1,workday:boeing,JR2026522576,,2026-09-08,Unclear,Unclear,No,Yes,No,Unclear,Unclear,C,security clearance required,,not a negotiable benefit for this position. Security Clearance: This position does not require a Security C,Not publicly disclosed,,,Unclear,Yes,40,role 25; visa 2; pay 10; company 7; eligibility 6; location 3,Software Engineering role in Spain,local work authorization likely required; compensation not publicly disclosed; English working environment unconfirmed; not confirmed as a Summer 2027 posting,⚠️ Work Authorization Barrier,Not Applied,,,,,
Boeing,Intern - Systems Safety Engineering,Spain,ESP - Madrid,3,General Technology,Full time,6 months,2027-05,2027-08,Open (cycle unconfirmed),,https://boeing.wd1.myworkdayjobs.com/EXTERNAL_CAREERS/job/ESP---Madrid-Spain/Intern---Systems-Safety-Engineering_JR2026522575-1,workday:boeing,JR2026522575,,2026-09-08,Unclear,Unclear,No,Yes,No,Unclear,Unclear,C,security clearance required,,not a negotiable benefit for this position. Security Clearance: This position does not require a Security C,Not publicly disclosed,,,Unclear,Yes,40,role 12; visa 2; pay 10; company 7; eligibility 6; location 3,General Technology role in Spain,local work authorization likely required; compensation not publicly disclosed; English working environment unconfirmed; not confirmed as a Summer 2027 posting,⚠️ Work Authorization Barrier,Not Applied,,,,,
Geaerospace,"GE Aerospace Data Science - 12 Month Placement, Eastleigh",United Kingdom,Eastleigh,1,Data Science,Full time,,2027-05,2027-08,Open (cycle unconfirmed),,https://geaerospace.wd5.myworkdayjobs.com/ge_externalsite/job/Eastleigh/GE-Aerospace-Data-Science---12-Month-Placement--Eastleigh_R5039365-1,workday:geaerospace,R5039365,,2026-09-08,Unclear,Unclear,No,Yes,No,No,Yes,C,sponsorship not available,,"p is available to take up the post. Further, sponsorship is not available for our Early Careers opportunities. Our pla",Not publicly disclosed,,,Unclear,Unclear,40,role 20; visa 2; pay 10; company 7; eligibility 6; location 9,Data Science role in United Kingdom,local work authorization likely required; compensation not publicly disclosed; not confirmed as a Summer 2027 posting,⚠️ Work Authorization Barrier,Not Applied,,,,,
Geaerospace,GE Aerospace Digital Technology - 12 Month Placement,United Kingdom,Cheltenham,1,General Technology,Full time,,2027-05,2027-08,Open (cycle unconfirmed),,https://geaerospace.wd5.myworkdayjobs.com/ge_externalsite/job/Cheltenham/GE-Aerospace-Digital-Technology---12-Month-Placement_R5039355-2,workday:geaerospace,R5039355,,2026-09-08,Unclear,Unclear,No,Yes,No,No,Yes,C,sponsorship not available,,"p is available to take up the post. Further, sponsorship is not available for our Early Careers opportunities. Our pla",Not publicly disclosed,,,Unclear,Unclear,40,role 12; visa 2; pay 10; company 7; eligibility 6; location 9,General Technology role in United Kingdom,local work authorization likely required; compensation not publicly disclosed; not confirmed as a Summer 2027 posting,⚠️ Work Authorization Barrier,Not Applied,,,,,
Geaerospace,GE Aerospace Software Engineering - 12 Month Placement,United Kingdom,Cheltenham,1,Software Engineering,Full time,,2027-05,2027-08,Open (cycle unconfirmed),,https://geaerospace.wd5.myworkdayjobs.com/ge_externalsite/job/Cheltenham/GE-Aerospace-Software-Engineering---12-Month-Placement_R5039374-2,workday:geaerospace,R5039374,,2026-09-08,Unclear,Unclear,No,Yes,No,No,Yes,C,sponsorship not available,,"p is available to take up the post. Further, sponsorship is not available for our Early Careers opportunities. Our pla",Not publicly disclosed,,,Unclear,Unclear,40,role 25; visa 2; pay 10; company 7; eligibility 6; location 9,Software Engineering role in United Kingdom,local work authorization likely required; compensation not publicly disclosed; not confirmed as a Summer 2027 posting,⚠️ Work Authorization Barrier,Not Applied,,,,,
Geaerospace,GE Aerospace Systems Engineering – 12 Month Placement,United Kingdom,Gloucester,1,Cloud / DevOps / Infrastructure,Full time,,2027-05,2027-08,Open (cycle unconfirmed),,https://geaerospace.wd5.myworkdayjobs.com/ge_externalsite/job/Gloucester/GE-Aerospace-Systems-Engineering---12-Month-Placement_R5039377-1,workday:geaerospace,R5039377,,2026-09-08,Unclear,Unclear,No,Yes,No,No,Yes,C,sponsorship not available,,"p is available to take up the post. Further, sponsorship is not available for our Early Careers opportunities. Our pla",Not publicly disclosed,,,Unclear,Unclear,40,role 22; visa 2; pay 10; company 7; eligibility 6; location 9,Cloud / DevOps / Infrastructure role in United Kingdom,local work authorization likely required; compensation not publicly disclosed; not confirmed as a Summer 2027 posting,⚠️ Work Authorization Barrier,Not Applied,,,,,
Helsing,AI Research Intern (PhD) – 3D Computer Vision,Spain,Barcelona,3,Machine Learning / AI,Internship,,2027-05,2027-08,Open (cycle unconfirmed),,https://helsing.ai/jobs/4941957101?gh_jid=4941957101,greenhouse:helsing,4941957101,2026-07-30,2026-09-08,No,Unclear,No,Yes,No,Unclear,Unclear,C,defence or nationality-restricted employer,,Helsing,Not publicly disclosed,,,Unclear,Unclear,40,role 25; visa 2; pay 10; company 7; eligibility 2; location 3,Machine Learning / AI role in Spain,local work authorization likely required; compensation not publicly disclosed; appears to target PhD candidates; English working environment unconfirmed; not confirmed as a Summer 2027 posting,⚠️ Work Authorization Barrier,Not Applied,,,,,
IMC,Machine Learning Research Intern - Summer 2027 - Amsterdam,Netherlands,Amsterdam,2,Machine Learning / AI,Internship,10 weeks,2027-05,2027-08,Open,,https://job-boards.eu.greenhouse.io/imc/jobs/4912874101,greenhouse:imc,4912874101,2026-07-06,2026-09-08,Unclear,Unclear,No,Yes,No,Unclear,Unclear,C,requires no-sponsorship status,,"n in the Netherlands or are eligible to work without sponsorship, we encourage you to apply and inform our ca",Yes,,,Yes,Unclear,40,role 25; visa 2; pay 15; company 15; eligibility 10; location 8,Machine Learning / AI role in Netherlands; paid; explicitly Summer 2027,local work authorization likely required; English working environment unconfirmed,⚠️ Work Authorization Barrier,Not Applied,,,,,
Intel,Development Tools Software Intern,Mexico,,3,Software Engineering,Full time,,2027-05,2027-08,Open (cycle unconfirmed),,https://intel.wd1.myworkdayjobs.com/external/job/Mexico-Guadalajara/Development-Tools-Software-Intern_JR0285211,workday:intel,JR0285211,,2026-09-08,Unclear,Unclear,No,Yes,No,Unclear,Unclear,C,requires existing work rights,,"erformance analysis. Advanced English level. Must have unrestricted, permanent right to work in Mexico (this role is not eligible for vis",Not publicly disclosed,,,Unclear,Unclear,40,role 25; visa 2; pay 10; company 7; eligibility 6; location 3,Software Engineering role in Mexico,local work authorization likely required; compensation not publicly disclosed; English working environment unconfirmed; not confirmed as a Summer 2027 posting,⚠️ Work Authorization Barrier,Not Applied,,,,,
Intel,AI Algorithm Research Intern – Neuromorphic Computing,Mexico,,3,Machine Learning / AI,Full time,,2027-05,2027-08,Open (cycle unconfirmed),,https://intel.wd1.myworkdayjobs.com/external/job/Mexico-Guadalajara/AI-Algorithm-Research-Intern---Neuromorphic-Computing_JR0286774,workday:intel,JR0286774,,2026-09-08,Unclear,Unclear,No,Yes,No,Unclear,Unclear,C,requires existing work rights,,ews). Intermediate to Advanced English level Must have unrestricted - permanent right to work in Mexico (this position is not eligible for,Not publicly disclosed,,,Unclear,Unclear,40,role 25; visa 2; pay 10; company 7; eligibility 6; location 3,Machine Learning / AI role in Mexico,local work authorization likely required; compensation not publicly disclosed; English working environment unconfirmed; not confirmed as a Summer 2027 posting,⚠️ Work Authorization Barrier,Not Applied,,,,,
Marvell,AI Infrastructure Engineer Intern,Israel,Petah-Tikva,3,Machine Learning / AI,Full time,,2027-05,2027-08,Open (cycle unconfirmed),,https://marvell.wd1.myworkdayjobs.com/marvellcareers/job/Petah-Tikva/AI-Infrastructure-Engineer-Intern_2604499,workday:marvell,2604499,,2026-09-08,Unclear,Unclear,No,Yes,No,Unclear,Unclear,C,citizenship or PR required,,"t of State. Except for U.S. citizens, lawful permanent residents, or protected individuals as defined by 8 U",Yes,,,Unclear,Unclear,40,role 25; visa 2; pay 15; company 7; eligibility 6; location 3,Machine Learning / AI role in Israel; paid,local work authorization likely required; English working environment unconfirmed; not confirmed as a Summer 2027 posting,⚠️ Work Authorization Barrier,Not Applied,,,,,
Marvell,Optical Module Software/Firmware Intern,China,Shanghai,3,Hardware / Embedded,Full time,4-6 months,2027-05,2027-08,Open (cycle unconfirmed),,https://marvell.wd1.myworkdayjobs.com/marvellcareers/job/Shanghai/Optical-Module-Software-Firmware-Intern_2604216,workday:marvell,2604216,,2026-09-08,Unclear,Unclear,No,Yes,No,Unclear,Unclear,C,citizenship or PR required,,"t of State. Except for U.S. citizens, lawful permanent residents, or protected individuals as defined by 8 U",Yes,,,Unclear,Unclear,40,role 16; visa 2; pay 15; company 7; eligibility 6; location 3,Hardware / Embedded role in China; paid,local work authorization likely required; English working environment unconfirmed; not confirmed as a Summer 2027 posting,⚠️ Work Authorization Barrier,Not Applied,,,,,
Marvell,Silicon Validation Engineer Junior/Intern,Italy,Pavia,3,Hardware / Embedded,Full time,12 months,2027-05,2027-08,Open (cycle unconfirmed),,https://marvell.wd1.myworkdayjobs.com/marvellcareers/job/Pavia-Italy/Silicon-Validation-Engineer-Junior-Intern_2502761,workday:marvell,2502761,,2026-09-08,Unclear,Unclear,No,Yes,No,Unclear,Unclear,C,citizenship or PR required,,"t of State. Except for U.S. citizens, lawful permanent residents, or protected individuals as defined by 8 U",Yes,,,Unclear,Unclear,40,role 16; visa 2; pay 15; company 7; eligibility 6; location 3,Hardware / Embedded role in Italy; paid,local work authorization likely required; English working environment unconfirmed; not confirmed as a Summer 2027 posting,⚠️ Work Authorization Barrier,Not Applied,,,,,
Marvell,DSP System Engineering Intern,Italy,Pavia,3,Software Engineering,Full time,,2027-05,2027-08,Open (cycle unconfirmed),,https://marvell.wd1.myworkdayjobs.com/marvellcareers/job/Pavia-Italy/DSP-System-Engineering-Intern---PhD_2600300,workday:marvell,2600300,,2026-09-08,Unclear,Unclear,No,Yes,No,Unclear,Unclear,C,citizenship or PR required,,"t of State. Except for U.S. citizens, lawful permanent residents, or protected individuals as defined by 8 U",Yes,,,Unclear,Unclear,40,role 25; visa 2; pay 15; company 7; eligibility 6; location 3,Software Engineering role in Italy; paid,local work authorization likely required; English working environment unconfirmed; not confirmed as a Summer 2027 posting,⚠️ Work Authorization Barrier,Not Applied,,,,,
Maven,Software Developer Summer Internship London 2027,United Kingdom,London,1,Software Engineering,Internship,9 weeks,2027-05,2027-08,Open,,https://job-boards.greenhouse.io/mavensecuritiesholdingltd/jobs/7806987,greenhouse:mavensecuritiesholdingltd,7806987,2026-09-01,2026-09-08,Yes,Unclear,No,Yes,No,No,Yes,C,requires existing work rights,,ong>Key requirements: </strong> <ul> <li>You must have the right to work in the region you are applying for at the ti,Not publicly disclosed,,,Unclear,Unclear,40,role 25; visa 2; pay 10; company 7; eligibility 10; location 9,Software Engineering role in United Kingdom; explicitly Summer 2027,local work authorization likely required; compensation not publicly disclosed,⚠️ Work Authorization Barrier,Not Applied,,,,,
Palantir,"Forward Deployed Software Engineer, Internship",France,Paris,3,Software Engineering,Full-time,,2027-05,2027-08,Open (cycle unconfirmed),,https://jobs.lever.co/palantir/1b6f1d82-d459-4dea-8bc2-8d2ffe6f881a,lever:palantir,1b6f1d82-d459-4dea-8bc2-8d2ffe6f881a,2026-05-06,2026-09-08,Unclear,Unclear,No,Yes,No,Unclear,Unclear,C,defence or nationality-restricted employer,,Palantir,Not publicly disclosed,,,Unclear,Unclear,40,role 25; visa 2; pay 10; company 15; eligibility 6; location 3,Software Engineering role in France,local work authorization likely required; compensation not publicly disclosed; English working environment unconfirmed; not confirmed as a Summer 2027 posting,⚠️ Work Authorization Barrier,Not Applied,,,,,
Palantir,"Forward Deployed Software Engineer, Internship - AUS Government",Australia,Sydney,1,Software Engineering,Full-time,,2027-05,2027-08,Open (cycle unconfirmed),,https://jobs.lever.co/palantir/395a4483-fc3d-4b77-a500-501923fd0976,lever:palantir,395a4483-fc3d-4b77-a500-501923fd0976,2026-05-29,2026-09-08,Unclear,Unclear,No,Yes,No,No,Yes,C,defence or nationality-restricted employer,,Palantir,Not publicly disclosed,,,Unclear,Unclear,40,role 25; visa 2; pay 10; company 15; eligibility 6; location 10,Software Engineering role in Australia,local work authorization likely required; compensation not publicly disclosed; not confirmed as a Summer 2027 posting,⚠️ Work Authorization Barrier,Not Applied,,,,,
Palantir,"Forward Deployed Software Engineer, Internship - Commercial",South Korea,Seoul,3,Software Engineering,Internship,,2027-05,2027-08,Open (cycle unconfirmed),,https://jobs.lever.co/palantir/2ad0ab10-34c3-410d-883b-8052864a95cd,lever:palantir,2ad0ab10-34c3-410d-883b-8052864a95cd,2026-08-10,2026-09-08,Unclear,Unclear,No,Yes,No,Unclear,Unclear,C,defence or nationality-restricted employer,,Palantir,Not publicly disclosed,,,Unclear,Unclear,40,role 25; visa 2; pay 10; company 15; eligibility 10; location 3,Software Engineering role in South Korea,local work authorization likely required; compensation not publicly disclosed; English working environment unconfirmed; not confirmed as a Summer 2027 posting,⚠️ Work Authorization Barrier,Not Applied,,,,,
Palantir,"Forward Deployed Software Engineer, Internship - Commercial",United Kingdom,London,1,Software Engineering,Internship,,2027-05,2027-08,Open (cycle unconfirmed),,https://jobs.lever.co/palantir/599b1907-aba1-4303-837b-66e69a521636,lever:palantir,599b1907-aba1-4303-837b-66e69a521636,2025-08-01,2026-09-08,Unclear,Unclear,No,Yes,No,No,Yes,C,defence or nationality-restricted employer,,Palantir,Not publicly disclosed,,,Unclear,Unclear,40,role 25; visa 2; pay 10; company 15; eligibility 10; location 9,Software Engineering role in United Kingdom,local work authorization likely required; compensation not publicly disclosed; not confirmed as a Summer 2027 posting,⚠️ Work Authorization Barrier,Not Applied,,,,,
Palantir,"Forward Deployed Software Engineer, Internship - UK Government",United Kingdom,London,1,Software Engineering,Internship,,2027-05,2027-08,Open (cycle unconfirmed),,https://jobs.lever.co/palantir/26e23f5d-083b-45aa-b223-1a6e43d960bf,lever:palantir,26e23f5d-083b-45aa-b223-1a6e43d960bf,2021-07-01,2026-09-08,Unclear,Unclear,No,Yes,No,No,Yes,C,defence or nationality-restricted employer,,Palantir,Not publicly disclosed,,,Unclear,Unclear,40,role 25; visa 2; pay 10; company 15; eligibility 10; location 9,Software Engineering role in United Kingdom,local work authorization likely required; compensation not publicly disclosed; not confirmed as a Summer 2027 posting,⚠️ Work Authorization Barrier,Not Applied,,,,,
Palantir,"Software Engineer, Internship",United Kingdom,London,1,Software Engineering,Internship,,2027-05,2027-08,Open (cycle unconfirmed),,https://jobs.lever.co/palantir/76a60923-bb49-40f5-b061-7c7eb1299602,lever:palantir,76a60923-bb49-40f5-b061-7c7eb1299602,2021-07-01,2026-09-08,Unclear,Unclear,No,Yes,No,No,Yes,C,defence or nationality-restricted employer,,Palantir,Not publicly disclosed,,,Unclear,Unclear,40,role 25; visa 2; pay 10; company 15; eligibility 10; location 9,Software Engineering role in United Kingdom,local work authorization likely required; compensation not publicly disclosed; not confirmed as a Summer 2027 posting,⚠️ Work Authorization Barrier,Not Applied,,,,,
Palantir,"Software Engineer, Internship - Infrastructure",United Kingdom,London,1,Cloud / DevOps / Infrastructure,Internship,,2027-05,2027-08,Open (cycle unconfirmed),,https://jobs.lever.co/palantir/fd3603a9-7016-45c6-9c8d-04c9279ab85e,lever:palantir,fd3603a9-7016-45c6-9c8d-04c9279ab85e,2025-06-26,2026-09-08,Unclear,Unclear,No,Yes,No,No,Yes,C,defence or nationality-restricted employer,,Palantir,Not publicly disclosed,,,Unclear,Unclear,40,role 22; visa 2; pay 10; company 15; eligibility 10; location 9,Cloud / DevOps / Infrastructure role in United Kingdom,local work authorization likely required; compensation not publicly disclosed; not confirmed as a Summer 2027 posting,⚠️ Work Authorization Barrier,Not Applied,,,,,
